{"version":1,"hash":{"type":"Buffer","data":"uIRvwYJU89EkEWz+yq53NNCdm3pPhFwtcZijPORYtj47OL2I+znlOjF2H7Rw7op+i6GuUdOfclH6QEX8j3t9k63Mvzf3BMtfTEFUxop1AQ4+ULesTO5gs6dHxzVVvORpKn7G78gjSjMcHxdd+WXyXhrPVnegQCdFQn1e7tFWxl4="},"indexValueMap":{"Xr2dXAY+bkSoZ0CDzKXfawm1gcJ1QH3B37L3GyFjZ1g=":{"valueMac":{"type":"Buffer","data":"V/8sL0nau69gZYZfSuF9AfGLiAd9UnZ8KaA4YeHpjL4="}},"c9X/iWQ6diA9njK4bf91NIsnXgDpvXAVXa1n9Y7UthY=":{"valueMac":{"type":"Buffer","data":"/ROOJxcig148mx53Bcw+Zk9ziQp9e33nYUWJhtKEPN0="}},"1T+GQ9C/DkxVm5UGni022G77nhjgHffec8LrZAh97IM=":{"valueMac":{"type":"Buffer","data":"idmvroDIJanqSoOGrTocmloiSc9vw3DqWMVgW6bRWH4="}},"3K9hLirPS7aeBKA3hvJ5aYzkjb24gFi+n3Gt5OhXm4Q=":{"valueMac":{"type":"Buffer","data":"+R8mKy4JVVArZdRwLQRsq+S+7S9RoB5A7iKi/DokRog="}}}}