{"version":143,"hash":{"type":"Buffer","data":"5szydbJYAaEpBeYM9jdOLV9vMgjy71yCdNYE3ib3lbLBjddvISGeYgydsjwjRx+ltsEg2cZHna3V/6qNgZ0ATdL7cJRch5mb8bOGWp/fqDEmZ7GCnoDq62xPiR/uFJpExsQUjaiLklehknWy1X9JJiMy6FagGr0isXhHMZgc8/4="},"indexValueMap":{"AGtgZ7c1aTSb12SwAWpLg/tqm3/HbBmRTlKhtqoaYK0=":{"valueMac":{"type":"Buffer","data":"qnkby26Gz76fxYt95UA/eRtuzsJl7EWvT4F04UFnwHs="}},"Avgqi4HJt3KMlDKWxAm1m6goMFeh6Cz/tBOdyBSnZpQ=":{"valueMac":{"type":"Buffer","data":"kYgXWEh8Y3gZpMtwXHGnucNT9eS2mJz2SPHoDT0TXLc="}},"A1yAvO7IUsx/EQ+8S7tKNxgRO5ZYiEh9fpMc4fGs0Z8=":{"valueMac":{"type":"Buffer","data":"7UEkvoVcQUaigGygLPnINYlFqi5YGjo+lzkF0sOZfGs="}},"A2w66SL3xOTI4KJqC/6SOK4TG1/qjOU7VAJdoMU8EYk=":{"valueMac":{"type":"Buffer","data":"PsgiY/+bAL1ssYfaITCsYLniKOr+vDg5jDcdCYcgIKo="}},"BsRN/1HzKaxuyQe7C5OH4qp+iyluyIeYuMZvSVhX+2s=":{"valueMac":{"type":"Buffer","data":"6Y6WDlpXjWzlZhKBD48gWnk0friEexePdB9CO5bAbgA="}},"B+6uGRU/V0yPYr2I5K/dJSE6J+JFXzt5d+CAX8HxLn8=":{"valueMac":{"type":"Buffer","data":"fjxxnn3ZEqFSv63Sx/ke+mfU2y4c8ClKGuHZYu9VXWA="}},"B/VTWpJjJ/RMVZ9iVxYyYvr6SCeUhcbjtLrNFhhsQKo=":{"valueMac":{"type":"Buffer","data":"2KdCw4/HTijHnwDCdKKv5PAj6Yepe59Af0vq8/+Db5Y="}},"CIQnOZTjM+qGE8iiuc03IVtfdWFdM3XjojEJNzUxEx4=":{"valueMac":{"type":"Buffer","data":"0XEEmeHjjJ19TICMRiUKIz3cQKJR+ZRnui2jyy+yrVA="}},"C4x80IO6DYHJWJbdpgRYPV2N86M+uDfz3xZXsALIJ84=":{"valueMac":{"type":"Buffer","data":"R3m2tdYg7RLtUNUOQO4GXiC2YWqpFuNGaDRkrz2jpvA="}},"DdUMa2gvBzASWO1cm/8kSDuKBgrvex+Je+4i7fkEmjU=":{"valueMac":{"type":"Buffer","data":"dsdK7PEeF5nJppwqRB/UFwTMnFSFbTELEP51q8u/SJQ="}},"DhaZIDOUJBh3tpY4uAsSTaAomEkzNCwJLVtoZ9P/ktQ=":{"valueMac":{"type":"Buffer","data":"IQguoM4zhHvrRZwDygZnxhAqTLC6XX4rMn4pkW83VNs="}},"D8efaCZplTXagMekkSohn3N9ZRBwUgPxLIoPlvOqbw4=":{"valueMac":{"type":"Buffer","data":"6LoEQ1LnA9iwa8cW3xuQleNJkjLw4VjJR8J7HN+99cg="}},"F3/dM6ZepX3oQaKMyzdU7e+MG9oOxf9V3eUmFvcHaaU=":{"valueMac":{"type":"Buffer","data":"i9AnVIhb0HyfOeMJYCMtq5GCtYOaiFj3oTWzXxqVjBo="}},"GHKnfQxtANWLC8+TAsNd+EwgDd4mtQFq0p9MeIbFygQ=":{"valueMac":{"type":"Buffer","data":"8LKYcU+TaHv5zJm5sltHnL9QGsfFjRZeaOGHYEcSgVc="}},"Gxalp/CZJz43RrM2SsMXRriwHhl75iau5qnNI4uH/oM=":{"valueMac":{"type":"Buffer","data":"i/4VMKkzfhQj2u4ZTL9+FrLnGfCJvgR4CN6IwtM5N8c="}},"HMTSyig0gzjAxLo8aS+8xibUh0TGY0BTQqx045SB734=":{"valueMac":{"type":"Buffer","data":"HIC0rqvsZhcsvLSOISVO56oAWkVFR6tMNYC6MVQmyeU="}},"IRUfhsJ7aLRSCNEugJD9QuTxdp2W6b2Iu8FrkGOp/E4=":{"valueMac":{"type":"Buffer","data":"UGtHOrzmKNDiDbLbppO6PIV+FqiPJt+JuNdv9ltwit4="}},"IqfTu0cTIVnQKWQ2ZoyFWriwrO18tqmzglJ+szM/niw=":{"valueMac":{"type":"Buffer","data":"YQJdqTtRUf2JiU5jtwdAVLF23rmcEoplooHpoK/lvCk="}},"JPVfKRVD/jKqFVJD8XTjiCVTKuXLE6iRPLD1HWYdAgs=":{"valueMac":{"type":"Buffer","data":"LXUETJDJJHSzLeY5xHpCmwND7tEmchhs+dQodUIDjt8="}},"KLjiMlIV8Sk6b50tsgIvSP3lqljRIFQWnAtSUtWx7X8=":{"valueMac":{"type":"Buffer","data":"AyAodVib00W869aDEUmfB2bRj2JDN/27VMvQrktWdYo="}},"KZsAqAbgF4jBo4faDntEdeQzfp1MJikjYYJedrgc2/E=":{"valueMac":{"type":"Buffer","data":"bNaTGA+s1vRT3/1TJOYX/3/vBs8Vl0aksIzyhKmfktQ="}},"K189g7zOXIPVDsykCeZ2iEm5qVe7cf5T+inQkIOmg+U=":{"valueMac":{"type":"Buffer","data":"rSj5+71HjXXwjFwHnpg1aGt1bIe2qIlQphU9uAN2GO4="}},"K/YG/STmgA6pgr6/1DxzpjIW/YrKuyR1BaTlnTMKgqQ=":{"valueMac":{"type":"Buffer","data":"TGOS0h7+P7wUgRGBVAftADpMdBuYqCJ1GUJhfaa56AI="}},"LTkwS1Jv0aFcmkbVMMuO7jM9oQurFrDHe226kCJ0TUw=":{"valueMac":{"type":"Buffer","data":"aASbBzy5Zp4HNuGkgDgZBeoPPSKbMftL9vkazZd8VFA="}},"LguOR3Sk10MhyfTpTXMug0OBu250ybLXu0tnjfgKD/o=":{"valueMac":{"type":"Buffer","data":"oKgVrzAfdASQWMijS+2Eh4hsJMkKO3UkXeOSbBKoT54="}},"L2x4DtXkBLA6hsHdobkIGg9m0Udr+gpGlzkzUS2JlTA=":{"valueMac":{"type":"Buffer","data":"KEdcDN6/sRhjI46PhlViVOTK6lfAZswyqtoT27JSa34="}},"MrfQHKE41NvroazUD3NkkBTHTQA9Gcyu1xG33rIj/DY=":{"valueMac":{"type":"Buffer","data":"d2MPQhZ5fMvggxCZ5t9L4MV02rq8PX/SSdugQgdGqrU="}},"MzWgK7Cm71IStbzKWS9luzXo2Z1yrzRCQqoTwnfyhiU=":{"valueMac":{"type":"Buffer","data":"i2xJZvAOZG7R+SoxgJ3KetaTF/neM09hFmIuzmA7LZU="}},"M9iZOxzhBSUuj+rc3XUe/wWFGNacq8d8e27DF5KzP+I=":{"valueMac":{"type":"Buffer","data":"KrjgQysT2JTAK+DCan5DNylDGHe9Ce9na8nyWFmufcw="}},"Np68FPkcLSUQQF8T0toMI8Rupbd1G/SMJbPKo12w4Uw=":{"valueMac":{"type":"Buffer","data":"ppEXwzejzqrExtsrt8kIQZKpZ2axTjdtbGXUXEdvwr0="}},"N+PJ4WaYaNDjhXjNCD1J2lSbc+OhkInjYijoIhG9R8o=":{"valueMac":{"type":"Buffer","data":"3aWO24WTtdVnj2Bmi5FIKFE3FejnFgRBQdtJg8iJoa4="}},"OQDF/v1Fk2Sed6w2obQF73NY3qDvi0MCnIo1PAAoBWM=":{"valueMac":{"type":"Buffer","data":"ynTkZZXb2Ud0SK1wqx3qjTa8oqX6ciechqUgKYWiu1A="}},"OfjeTXfNQByjB/sbNQ9z5n3Br1btctOVwr+RYR3/QsA=":{"valueMac":{"type":"Buffer","data":"xX9HDgySF+Krj1ZfR1tyElejy3qFdeY/0nJ/Xd/TfkQ="}},"O6U6JFoVvwqnDESanvTmHkcyIWIYBG2kzcckwDgKiQg=":{"valueMac":{"type":"Buffer","data":"jfllKWezZrS8HfMQItnJvnspM/GPLfoyVuJfvlsKFxU="}},"PEHSrFPg2uAdJ3Uj7oSm46sDK3idum+qBtPIgH7+i4E=":{"valueMac":{"type":"Buffer","data":"FikGQKqsSIpIxz5xzmTd4VYEt5Mx+QOmN1H4Ag2cTbY="}},"PO5YT3aYrRIMNVOCnxdQ5wG3cUnUM8O4egV4zvcQwWk=":{"valueMac":{"type":"Buffer","data":"krkdQorNjKZ7Q4bwgQmN8ibnbPgTfxcx1JIFvvbgS40="}},"PP/d3mdP45/xSYmQSNuQvSDRgkTiAwwkG3ieVd2e8is=":{"valueMac":{"type":"Buffer","data":"e1eNeQsyXWb0U88P0vGR67jmJoBnkd9yzaxms2Vjamg="}},"PwPB8On6wwKX6FKhZEsH2qGA6vzzxIGpR5ick5yRPdk=":{"valueMac":{"type":"Buffer","data":"EULQMQw45KxoxfT2rc4qtadNktB2A8lS+r1fea1jfvg="}},"QYknn00IvU12hxfY5NzuLJwWKsplu35iV+ng/58gfjY=":{"valueMac":{"type":"Buffer","data":"XlnHmfo8FeReZqj63qpf2Y7H1UuDX3JE1GC+JRzMccE="}},"Q/HL77JInPZnvgWShUu7eXsbreGJAxZFNIUBOobexco=":{"valueMac":{"type":"Buffer","data":"SOfpDgJ056pS2dRXof0Fcmbj+U8l0+Yen3QBE2DBolw="}},"RYRkruFEqrL2KGQEPpMIWyd0f59LJwLXUXMmlks42Co=":{"valueMac":{"type":"Buffer","data":"aO53uQ98Zc5omx3+ee37CnVeK1KIx8kC6V+Urmk66+c="}},"SSzC2CJfLybXBzS2w9WOq5yfby1Dl+cGXUfx9i3lOCU=":{"valueMac":{"type":"Buffer","data":"kXcEQI+CzbtVtNv0hNLi+ZjOO1GRnH0q4pYKLW51XnA="}},"TKm6HXNSAj5rRavIjZ5PqPHPKzNw1gTmfQf6bJ5Zsvo=":{"valueMac":{"type":"Buffer","data":"HJp7fwra9MFjOHFpxuanSOLbn+l6U+1qmsNWY7dOF9s="}},"TibmrU9gDqNafh3n5cCmfhYdSD0k922T0s4FVMKpq4M=":{"valueMac":{"type":"Buffer","data":"3BZK3I3k8hD3P1uPzRg0qaLg9mlVmE/7rbkQlpy/Ek8="}},"T0symaOuOkDZHrIHWZHsE3/ZAa9WMRQ007vEqmv29Zs=":{"valueMac":{"type":"Buffer","data":"of5y8WpmaMvN6uZHfHkkELIMVmMAxqbc3yGL5ef/fIw="}},"VO2LNs/P++E3cyJeNwaHMrZJeStTHAb49jbQyrWVC8I=":{"valueMac":{"type":"Buffer","data":"HNhfDyo4TBxvjGm+fMvTJat0hSKIeLZW0WhgNloKw9o="}},"VhNtwZDRylJM9o3ZTx+0DIbpnSX29J7hi4zTEImIcZo=":{"valueMac":{"type":"Buffer","data":"7hoBlfbk7eVT61dkGN2oBHnz55NYHjLgJIdJVHzbQJM="}},"WzSDk0qH6D65owkyktFjxIC3901+hNRp8jRrL8D1ZwA=":{"valueMac":{"type":"Buffer","data":"CKW69OtqY9RfVO9ns/+5d9Nxyt7tmVdyJfWHgnFid6c="}},"XCsIJPDGRga7xgEGoxzIGEeqIi3QFKjaUkPqinKoRJs=":{"valueMac":{"type":"Buffer","data":"AbPU9zbE1WqoqwP4DCQ8naSGpxgJWy573YgU03jQpZM="}},"YsRT+YP1f9DZ0CiGXbWP5eplIEdNH8vdpDumcP/X4YQ=":{"valueMac":{"type":"Buffer","data":"B60+y+OIXOPmdQrQMTwhvqjiGBG0gH1QZIsaWccDBgo="}},"ZCN7ZoSsxGpOyreMbdyFpQi4fQ5c2acaojt1OvGIHFE=":{"valueMac":{"type":"Buffer","data":"pilZ/IqX1QwKwfdpMup5WTdfV4ym86NytEDd0Ls7Mc0="}},"aQgtUbVJHADAz4xSj2u8VOhp1yW1gj7b1csriTfdOrM=":{"valueMac":{"type":"Buffer","data":"PzmnuQ2E7A34wXuCqfm0kaVELjGJZ7rzFDEU3WgLFvY="}},"a11Kdn6vZe+utBvhXTler6nXnOnrQFVh902cpwrPDUA=":{"valueMac":{"type":"Buffer","data":"ltXsEkS2NJ2vxqAGAgaaS2LJHGzlPD1z6Mf/Ro/j6h0="}},"ddA9XDzYLhA/fgG2rIVaH2fhMVNLmorNuSaozV/r0O0=":{"valueMac":{"type":"Buffer","data":"OA7G/k1mKuB7uagThfcgcOYZXiAE79JIUk+oIj+630I="}},"d3Wre2xi9+c1/T84dOSikBJOXm8KU/2mKU3t4fggAnM=":{"valueMac":{"type":"Buffer","data":"jjQL5wGNoCIOe8vL/EmtZCsi7L5YsYVIDtuwGRANsZI="}},"d9JOWK2i3xSRKQtkOxQmtNabVLLFXf2NVlNyGYWGzac=":{"valueMac":{"type":"Buffer","data":"ttR9XiEoRjl/6KoPgL1R7tsOMuclPInKxxlpxFdf8JY="}},"d/FVnPtykoyfsf3u5dg9z9OWuw8p27PZZ8Bu5zMc8Kc=":{"valueMac":{"type":"Buffer","data":"eFokAN8AlImuEIx9hFyAHKrDvO6jrH839kV7r0AIwdc="}},"eP7LmlppUt1KiB0+i3PLlPS2BuZ65qiIQyBeM7z2SO4=":{"valueMac":{"type":"Buffer","data":"5b4zlP7SSSbG5AJF8Xdkk1ERlFcOyjBadAxEtoigCcs="}},"exXl6XcsoEM9TJN1y0c5VP2aGBOh78e7OrkVXLD2xp4=":{"valueMac":{"type":"Buffer","data":"CwOGKLA3hckleYCS9jeieU83z4UzTzPTRY0NLQoiB6U="}},"fQfWVrOcGWEMJyjYZ4wIQDIscQklq+s4ZMc8GbIKrB4=":{"valueMac":{"type":"Buffer","data":"MSIuDnbtXvigLGQcmyhDU6LUqyO4Ajhbb4KcY4+gOhA="}},"fZf/ADgKbqBuLnJC1QZVl2EBXdXdNJtv8P1v9MrJ0DE=":{"valueMac":{"type":"Buffer","data":"tyK6PJJLKYBLMgycvO+muMMOlyfTTF+mvxs5rlhn+kc="}},"gJDeQPuXvV6QmnkP9JZTdVAGG0RVImo2tTQ7V3yIMH4=":{"valueMac":{"type":"Buffer","data":"2xwomNJexNx0nEosIzyuuCaQna3p2wEx8UwB9Un3DVI="}},"gQM7CKJUdbEcK4ozlaSJm8WNZkh1Bw/SZ/bjyGIBQqs=":{"valueMac":{"type":"Buffer","data":"zPg5FuhEqdQ4Bkan2XH+DOQn5vXexdgeKdREdp83UKI="}},"gbh9BX0r6bXsAHKym5dCEE4rLuzbCqnlt9yW6E9hrkI=":{"valueMac":{"type":"Buffer","data":"NsBilo5FgrO+ty4rWDSWDnYkHR/ku1k82HxjcFIxgEc="}},"gtiJX2spdotbqRSvu8/xZeF+iRBnLbPR+mXBBoV1jCU=":{"valueMac":{"type":"Buffer","data":"cNUjrDrvoyllq+Z1iujf+0hiznq8CLY2waJo5IoCvGs="}},"h908u4Y7q4D8zSTBrH5a4S+Vd4xgw+3t1XdSAoLO2x8=":{"valueMac":{"type":"Buffer","data":"JyMZWsa2CvJL6YWNTXPwSCoPSiPjsuDZzS2B9sxqpkw="}},"iCL7qlYm5M+TVIWGDeNmGdeHMfFHdfUmOZRnq6Cm8zk=":{"valueMac":{"type":"Buffer","data":"TnVwYi9z+wpyOYMEaaR/KOfdp5gKWkf7GEVc8wR2zjY="}},"ikpmpoADminLmAEgyiEcCCT6iiP6C7Iu5C5C11pbfbQ=":{"valueMac":{"type":"Buffer","data":"Tr8ZrxAPmbTY3NnBRdjzfu3vIHaeDoSt1R6Hu4OpItc="}},"ip8XJf3UBegXXOp6CJ3ZZO3Ei1diDNJ3R5LJS4YkWiA=":{"valueMac":{"type":"Buffer","data":"tqNg2xnkeaYcKXbq32a8NwSFutZmb9CT/3YQrfhgKoo="}},"isC540CSRxL/SJG8ITLYCJxsnZ7tpsxjPYxIiwLN4lI=":{"valueMac":{"type":"Buffer","data":"4SzfdIo1N96WeKOdTtxEMOO21e6EpHI95YJW6a6opwk="}},"k7yTQ8LLjP1JQCHOdgpNzlSTtfbMMnGnIgzInaZ2DkU=":{"valueMac":{"type":"Buffer","data":"S0zvstniRQPEK9e2F/1znHWZGHcSuzCajUHT6bRffLk="}},"meE1rvq2siAcJ2oGQEUrHB2kSm+viLB+ZBZ44FhbB74=":{"valueMac":{"type":"Buffer","data":"Q/fAAiWCCAeDR0U22qLisztM3NKRaN8U1c4057pplWo="}},"nLSmDlq47x4uUMiWZjvpJ5xGZ57Y+GA2056vUzOdtjs=":{"valueMac":{"type":"Buffer","data":"OqwQlHl/tXopxxTO7kAjpOo2FyOIqqq/I9luSWdvFxs="}},"ncaTTEGzlclefBjmPeTJ+rc8QW9JdNUvrnDdk4lNHAs=":{"valueMac":{"type":"Buffer","data":"g3bloJ494SK80vTw98Asn7FcgRSHfUlZdtHizJe4y+s="}},"oF75zHmVfB+6+s/sanlbVgq1JEZiJYFYQwJMP6fURLY=":{"valueMac":{"type":"Buffer","data":"nwOeCVJtMYohVJcGwkaJDgun8pXQ5y9Hgltd5/WuKmg="}},"o3J3DAKMAyjEvKIYVc80ZwfgTUQW3joGk7C/n1DF5cw=":{"valueMac":{"type":"Buffer","data":"/bfL7cThwtBVtxcAqzeeJ7cPM7xQLzlNZCmiGCSfUYE="}},"o/8pYPoN/w17DJVDnqucBIHbuR2/DZ8sKqB2s30/hBA=":{"valueMac":{"type":"Buffer","data":"tYm9ka+H9YkIzZt+73j4ZilsmFKAVEKJjjlzthR8Hlw="}},"ptb6EQTcAgyHIC/ERKy8Ow+rQg2BV+I9Xo4UgaLPfPA=":{"valueMac":{"type":"Buffer","data":"HBo/mOmFMuUqr0Gx4obthf+yUjNzVab/0kPpSLVdpAU="}},"pz3jKfGGOfDPE2pMIbSHnM+/zthvDucIQe9PDU9Xa7w=":{"valueMac":{"type":"Buffer","data":"z+xXGUTX76BqV1NaZWunQlsP1rtlKR+u3tZfAVRbgYw="}},"qLaBYDJoel1WayjGcPqDrfpYNk9w6RDft8zh0ycpJPs=":{"valueMac":{"type":"Buffer","data":"A9wHpibB7/c2vCP37N/qcsmGKwndBMoRL9itDusvcXs="}},"qNVLk/eAS1FEMn6pwfJgNKtlZd1E/2TTDihffz4L6cY=":{"valueMac":{"type":"Buffer","data":"htpbvEkXoj3PYo1ZbRflUyIuev46uk9k2rqmErWqHTg="}},"qzHFx8BtbsgKxXcP+brtAtJysNlXHEm0jdODpQq/Lww=":{"valueMac":{"type":"Buffer","data":"lk4nwMNlQ7j40QShykGlV7DzvTXfR1gYwzEBZPkH3dc="}},"rNYVvoIwnq+Qc2tLXPGn2p1IiFrHbJ+YQVzhnE6APJ0=":{"valueMac":{"type":"Buffer","data":"mCxNplhPDB76Y5tknd2/zTJ93JH05UQCp7LSJ4OWeiw="}},"rjs6mlgJVU5Qe4iCqkrxjHo00DU9hldZ4WofE8QiQy8=":{"valueMac":{"type":"Buffer","data":"ftw503ADUJmtzFVolhaGTk65nUdnl0TBaDWB0jokkrU="}},"sCF8x+NYioeXPI92H+s5qfnhwJ/5wm0AHo1gqStK4R4=":{"valueMac":{"type":"Buffer","data":"c8znkd/K9FmX7f6cqAj6LGLhw03l+tTaW5IbsGUU7ww="}},"sE4HEFSYBExXJqhe9uWR2I1W2Lvalj7Um1GHgYXH4HA=":{"valueMac":{"type":"Buffer","data":"mGAYYIH1LhLTspG3XrxkQ7eYWM7GR0KUI5dsqosPPSM="}},"tfNvNEWk0lX0VrDyjXWHCJUaBx+VRxclcacq5B/Q6qw=":{"valueMac":{"type":"Buffer","data":"HayJ2/e+WHRzV/7WbglENbZcq1HliqNDMOr6p/5u/uI="}},"t3OmOkrj2s/NG3I607NeQHXx7SbfAV70hhSEhrfnWoo=":{"valueMac":{"type":"Buffer","data":"K19Gvt4uHwhinfgYWR6Y/rnxhxe4cb7Zml67BQq+uRQ="}},"uOsucNmJ7ByKt06u0eSlEX9Nfu5TSncrUxRSEU3NVDY=":{"valueMac":{"type":"Buffer","data":"Rlie4BqawqWgQ1bu93g8eKj6wCZRkeo3iFxhMUY6Sz4="}},"uSJPRskhWmYzBteTcQQG0MHpx8sa3fMdiCfrkLE19Cw=":{"valueMac":{"type":"Buffer","data":"suI/kT6b5D23f/1YUED1PLvnup7TLOMCTllNt3g1Kso="}},"uS+ZGw58Qk9iSKzf9B1kJXIe0q2rg/D1MksIIou4O64=":{"valueMac":{"type":"Buffer","data":"32ymsR9myRIA3asImxUasU6THNxaeBeL7diwKr4lVdk="}},"uZoOLN86BMupfzIHXOjnKWyubeIXG61K89IbOkQ39co=":{"valueMac":{"type":"Buffer","data":"3TO1RPENZavkBxh3GhCnOPF4v9FuD21NMRmMSsP8xK0="}},"vItNTfctXho7QQdPoqcw4MOY2nXdsCHBe7n1LcJzoj8=":{"valueMac":{"type":"Buffer","data":"dffh6qPyETBk8unAqsWB7eTWrl4n69LRP+Pm2XiGnfU="}},"vZEZqFryH0OiM4mcKOyirMWhVo3+7cC51tPuGWTWKjA=":{"valueMac":{"type":"Buffer","data":"sVPzq24QrLEH2kxWJz7jvkfHBt1YPBexl55i2wRZLos="}},"vb/w5eLoTEuZcEX6XeBNqbTq21cgkjdj8wuyHtfK7dU=":{"valueMac":{"type":"Buffer","data":"anNWH3wxb5LrtwDgyjoQggiJZejZoiNsDbm7HEoFXSY="}},"vdNUjd0PdwWpdgHokV34VKBEb2N8sMPtuVpHIx4bzts=":{"valueMac":{"type":"Buffer","data":"88wTPIr7LqtFYJKE6ITz5zOh2nNNPKD1Shkcq5BxUAA="}},"vrhvXz6GNlX4lnNhd6sNttTOPDaOE4jtsy9cJttfH3o=":{"valueMac":{"type":"Buffer","data":"G4cZSw14xoMnSc+BN2LSuDZrOK/c76hL3Fymua3ARio="}},"v0XzjkgQMXFy22cy2IHjAvRMXr7mmWqmgvviXZllhQk=":{"valueMac":{"type":"Buffer","data":"k2tMQqzIrKHCraqA99yJdw22AOsMVC5bypxW8VTPXa8="}},"wsDbFrliWu9JbyvLu4wj2/Gi01YZL4Kwwkz4ua3ZBHc=":{"valueMac":{"type":"Buffer","data":"ktI3iIrnBn37AO961fvWaUBGF6WHtvWx56HT3Or4djg="}},"wxev/AU6usbrAnni8r/l7fok/XnGUdXxDYopAxrIVtI=":{"valueMac":{"type":"Buffer","data":"qTS7Ol14YiH5sVZ/n5fflfEcLSKDOFWaf0Go10jZ29s="}},"yCW/giVH/wiprhL/nA1CT1rqOgSYKCBY1nD4uaM4U80=":{"valueMac":{"type":"Buffer","data":"gJ3VbygTua29/iV0X63anUqBAbD01FOOHbCo/1Ee57w="}},"yRMru64mY7TGQExgfHOswIt7EM1qroyRPD2P4Q6fT9w=":{"valueMac":{"type":"Buffer","data":"x2bep+Qvq2n9rDxgihEtTbna3lyWUgx3Dr+YJR7bk6o="}},"yTYfjqsb0J5KFXjLHtGEj2/DdYc/4naI1l26R1qqr4A=":{"valueMac":{"type":"Buffer","data":"qQjBZuyfX077+UYzcMZN+8Nta6gwFVcjXu6Y+GVbe/o="}},"y4EVwqB8uCclvJFCRwaIVUPo5FMx3Btq8wtwCDvsLTU=":{"valueMac":{"type":"Buffer","data":"LzxzR43oJJk3lCcLgSkQ9NIXB4gWbBSHxfwJmTmGKNY="}},"y/wj4fypdTxOoUVfvDjuRvgwH8M9tbbMhooGBbqtIA4=":{"valueMac":{"type":"Buffer","data":"EKBXJe28jUUYQzwRmgaKT1Li3XUxng9rBrF9jV6rKpY="}},"zbwr0OeRMY4pGFSGrsmyYwN03pFrJ2/JzG0GvPZeJSg=":{"valueMac":{"type":"Buffer","data":"hIt5d2vuTt56w5lhZBkF4RwKaGm6S8XKy0BDdbprWdE="}},"zrrwkiDJW4v4k2L55X/nPkYzXXPkLgEd6oOhglC18Qc=":{"valueMac":{"type":"Buffer","data":"1KCBeXd5x8mocJGUrjFSLi7k5yBeVWI4msR5gAo0I/c="}},"zyJoyB0jbqnBQFdjnF5Wn23DDSoSQCa5KECuFL5adrU=":{"valueMac":{"type":"Buffer","data":"evig3FfY2qEgZMo652CnWroXtdB/0NoVWWbPlvAfrwY="}},"0FRyyu50blJZJVMN9lEFO2835kMlxtEH0ofFcd75ADY=":{"valueMac":{"type":"Buffer","data":"+SSJkFi/7Ieh6ruxXnnG8cXIFkbAYp2xCDL419Y9rRY="}},"0JuP894ofE3yyIx5f0XW2Ew7tsvEnVwiuj3RkCjkSBY=":{"valueMac":{"type":"Buffer","data":"KMse8ZFhWENz7bzaYI2Fw9lION08FfSstoOVAaXd4/Q="}},"0d0Q/5dvLaL+MDPIQ1at5WND5VBZTpYHNYfAenAvAt4=":{"valueMac":{"type":"Buffer","data":"Hjs4RP9lmxPFDTg5jz/TFpTmiy4b1rqA5vDaqShYRhk="}},"0tY8mbKT2iBqBj68vHfKR4caV0xqDSmuv+G1VVFnveE=":{"valueMac":{"type":"Buffer","data":"pQViDfeESKOohQNtqEq8mioVuY2Yc2OFrAwsNUx62cQ="}},"3qFB++RwFDpaOR28iWUV3BHlo1jPEuabxfhTGAfNfRs=":{"valueMac":{"type":"Buffer","data":"bD5gp2ewuhcIYWSfOrQb8Qha8x/IrYHakRXK8fMTtBc="}},"4QTrFR/5ucguN6+qJchTBisJnMX0cbNNMVCrmi4IK/s=":{"valueMac":{"type":"Buffer","data":"HlN7kAIaMk30AdTinwxAfpXRXq7vHGYS+8Z2KSCiA3s="}},"4W9HffhmzI09v5ucxJKaYwgqmfHo5RZXyIYJSuAtBho=":{"valueMac":{"type":"Buffer","data":"Zu+fivuB9+x8WMn+vJ9NYOxDVfL+Bnun2OBa1SXGHrE="}},"4xUi1KiosvX6JaVZ8KiiwccrwQytD4mtrQ+sg4WWghU=":{"valueMac":{"type":"Buffer","data":"u2AvTmegxmDVFXQsxGdsqKqw91/K12UCANmEoQtLsN4="}},"5Eebp1L4Ij/ouiUD4D9fn6RJWTdUp7JeOhVaV52ni6A=":{"valueMac":{"type":"Buffer","data":"z0Di54jil0Fk6ruHJm2NaayQIvzBiQuHkeUl5ZK8s6M="}},"5JMKP+jiswzsHVVXPcGlZnQ+Zmwu/92DIX8w9x6MueE=":{"valueMac":{"type":"Buffer","data":"j/j2xgDCcJg5DJwMJI/70FhpOFPIeckoNr9yDC+trjg="}},"5sCT/XZNVS9uBPjuB5w40/eFpN7BVOD0KUBg4g4mBuc=":{"valueMac":{"type":"Buffer","data":"ZNWS5RxyIqjJvOGjIsBjRMnall7smyljyLNsX1a1H2w="}},"6J3Q0Fhkt/ZAPsSHEq3SDS6OIRw5AzCdn/Pss3xY9So=":{"valueMac":{"type":"Buffer","data":"5ObimF3ObnDoVY3jK5yl7u11kvoyTEBHxliB47SbL/g="}},"6vDeTI5GFrxnPIdwAn+ZCGWXhQtZl3gqyZ/eG5ibig0=":{"valueMac":{"type":"Buffer","data":"yTOkpnkMDiiVtyZLr/2kLZb/KFB5qCCNQ3MLdGMwjlw="}},"7AhOS4kGKd3lgd/aWXwb35Rf6mpLwYHER/E6PDjOWew=":{"valueMac":{"type":"Buffer","data":"WveWVaup5QTXNM8PhRxYZ5PbXhLWck2nL6zN8bMp7TI="}},"7FPLUmHtf+aNVM44+Q4N0Y1FUhBDn26YqVaBEexvocQ=":{"valueMac":{"type":"Buffer","data":"ckWK0SWiAzlh+Agp71CmDIae6zRD7bIiMnqseAFWa5A="}},"7Q9p4RkTj6Cf9JBEZWnyY6i5ueoigJc3p0LtpTIl9ks=":{"valueMac":{"type":"Buffer","data":"BZx2kWYHcazbrKerAh8Bx4PCXlpINNiyskeGtW8ZBYw="}},"7n8jQsUzteh0Um+040sUvCUposMmGyWVf7bDhJbDhMg=":{"valueMac":{"type":"Buffer","data":"3ZSbiKBhSmjdfpMvezeepb1f6pk8vJEkDi2qc6cQCb4="}},"70EKEvB+W/tYu76YCCOKusldvnrNtcYGdnfduoZY/0k=":{"valueMac":{"type":"Buffer","data":"DePMT9rmoykwx8fbfq4N7ONjazv1S7UqWJGkr6AXMOU="}},"8jxqoWI+qXJKYFkzIm5oRJ1pA1EhgVQbftfOzkgFiX4=":{"valueMac":{"type":"Buffer","data":"P1pQPxVx+0mzo+7oGcb/V8NdQNr/dZFJnk0Kp8nYqbY="}},"8/ir1RJ9tVv/kd4fmTQiJj6KPDGlJDLVOiNWr/rgZUU=":{"valueMac":{"type":"Buffer","data":"h9tnWk8//sfOelJ4EWW32iPjlHpQEw+JDw7wahx1lbA="}},"9M1AQuIsPhIec4TnviYuwUZfcqmH4zhiUIiyaPmcnYE=":{"valueMac":{"type":"Buffer","data":"zqtUWz31I1Bfm9Z2SKA+JXS6BD+VhUyzIkWlMa2jxyk="}},"9QoTXMgCK8UoKrytvtkajz5ISdO/9ysjOgBnOXs4rTg=":{"valueMac":{"type":"Buffer","data":"pWy17N1dMpvIW9KZ2q86/nvhXcrLDh3ffDcL6ADPjQ4="}},"9vRX3akGl/fYXMgsAlD5X4taX3QolsoGj4ryA0M3jHY=":{"valueMac":{"type":"Buffer","data":"lmf4NURKBsecY/v73btnIUE08wbMx7rjbylHuiXXxKA="}},"+A/ZJMbGhQgGKQ0RL/+Cv1qsLzn1oV95DApxSw2vVrg=":{"valueMac":{"type":"Buffer","data":"RKlzJ5JM1V8K/Q2XFMnGOKqmp6dfyDcTlC/IwzAiSWk="}},"+Mi9Bawnp296uK6SM4Xg97jo3bJoM3lhlgv3f6F08oQ=":{"valueMac":{"type":"Buffer","data":"MFMihXxLEGmN8syUR3Ml66/fPxTUe9KGGjPu/8WBqc0="}},"+P9bD85CDyQf1Jis6FybFHONuACaRaB4XoByXU5z2yg=":{"valueMac":{"type":"Buffer","data":"ulEEf6ZoJtChpbswt4RtOV01ZmwoKCDjpuNlHXfPS5M="}},"+n21wU6bWvK39qEdVlA4nh0auoHY4M/DKhvT/e7iAqw=":{"valueMac":{"type":"Buffer","data":"wcvNjohyDtvWIxvqHzbb/JWZTuvyRoJV9nO8Fnhfix4="}},"+rivKtfo+JDmk5FCBeKmFLBmEg0+hot9ofQlGFFLpwU=":{"valueMac":{"type":"Buffer","data":"ZqTKZBW74WPbv4eYmHyG38ljvtJQaI02/zQ8LYZVSHY="}},"/NJAwjABQFPnQdc666xHmskOi/eRxfDUU4sV0GAG68U=":{"valueMac":{"type":"Buffer","data":"pHyQvdzV6mGVVGvhWYk6z93WYrRsL3KqwNiPtKZApRc="}},"/VYnRFAXXDJR6vs9i83rs+fzqoYiWKnJC+JWOYfw0GE=":{"valueMac":{"type":"Buffer","data":"XU7hp7y2JVtcPPvi2QoCZPFvZo3tqrQplM8tZ9SlTKs="}},"/nI5L+i80IwB+weA4P8mI5BCpocaB/8zHQ0ncSP3ryI=":{"valueMac":{"type":"Buffer","data":"ngjOThwjbRu/Zmr/eoXbP/r+JMVBsoMjKKRg2CISIRU="}},"/09YCEZnCLHbgCia/2Sduh6+weqLhER61t7y9gLZ458=":{"valueMac":{"type":"Buffer","data":"kq49yck+Nmf/mUR/Q8VTSWgsh+DKPviPmF1CwZw9qAg="}}}}