{"version":4,"hash":{"type":"Buffer","data":"1K+/WKz+xeY1Qy+uwv9YLsQ4H/kDPDPQLAXDD3JsTu8we+9o1KpiwkgDJGPgA9R4Nf6ds1g8Gi+Ywp7GNDVWu9cBCqLFscFWgPr/OZPj4pU2SQHsB6U+4mhto9lNS0WXuLSa22Ui2BT3DN3h3DxY0F0193oJU/+7et3j5sv3oS4="},"indexValueMap":{"EJHh1z7TXCBaODvERYnBLpfSeUgkdNpeK5VgETNygOc=":{"valueMac":{"type":"Buffer","data":"R7S1QsdUfLsqzn2XfOn1MfUtcRMDF+SkiVBN6JZfnbc="}},"VqsC/sJwKqdEqYtoDygUs8VmwSHqDMYfVjKS5sqCE5A=":{"valueMac":{"type":"Buffer","data":"VQkGs4yOQ05W6mTVG3TVJftr9nNYuezaInxQp5nqZxY="}},"ZftDoLN+JRdsHMl58Nw6o22phGMnIxmftucBMDdMc/M=":{"valueMac":{"type":"Buffer","data":"CS/d3oYtlxAPFlWFEvh5nrdt4s+DGuMS5OufBMvcZlI="}},"i+va3TdfdcO5e50k7LgdiH3e/kBkF6+mXOlcv6Xsm1g=":{"valueMac":{"type":"Buffer","data":"s/XNrvN7nnompfw8CzWmtmWAB9w1lyEIngqSOy/mXyw="}},"mATPMVML85Icy0BeKdTA34Ba6/L78wUkEquTT6p4nlg=":{"valueMac":{"type":"Buffer","data":"6JTCf8drWcAeT8Lz+k946aGXDzsdmPx7QGCIGaq7b3Q="}},"maNgZzZROzcKedRZUvggqV1kJeycVZMGYtlRGRFTEio=":{"valueMac":{"type":"Buffer","data":"IrLtEk+jyrQqwXKOTSvOQAt6B1TvYLf9sN89tggRKhw="}},"rk5oelaeVyPY0KePca0QRSHEDLxaZM5zp4XQKShRLcE=":{"valueMac":{"type":"Buffer","data":"lvKRozbw1jLLYTjyzCycgAqDIdCm4zLZdHuFhluqJY0="}},"6xcx3noNwQQVUxEaNK4wp5DE6xqQw6ScaJaKiJR9xTM=":{"valueMac":{"type":"Buffer","data":"QcosE6dyoC0LhzCZ+sUXXKogJLarltMG9Eei100f1RQ="}},"7RgF1Wpgz46zwwbh6jy0SUsMCxCP6huITtyVKGmTqBs=":{"valueMac":{"type":"Buffer","data":"TfogfQcCAFOuvxBdlVEZ+JsVscnJ+cWxYEZoZjEm8+A="}},"T3EZ80/sM+k0W86yf9RHQ58K2P3lNOqcfWLaeh9QnWs=":{"valueMac":{"type":"Buffer","data":"H/UCySkbJtsBX33gpwrCknKENDLXRW73gb2cnn/nPGE="}}}}