{"noiseKey":{"private":{"type":"Buffer","data":"qHpcgpc41QHojmFKXp84r9SGgsvQ/PWCN6ky5JMOdEg="},"public":{"type":"Buffer","data":"Y/H0zGu7Fysa3uaJ8Y4OOSzy63wYgeOv/tzKFUwZJ0A="}},"signedIdentityKey":{"private":{"type":"Buffer","data":"UOObC9v8XyVAtIWKj+oL1pq59ZnCpE/R3Y15PqN5VXE="},"public":{"type":"Buffer","data":"G/UmUu8q9d5gtnqSPPUOPfElNZQsJgDthE8i1gcueyU="}},"signedPreKey":{"keyPair":{"private":{"type":"Buffer","data":"OI2ug2EGThxYdbIzduoHkqQ+8EawnHk9MFBdRzly6Wg="},"public":{"type":"Buffer","data":"muBuQPgCMK1aQHuaH0ydX5hYtEmvDVdMaTYPjh5GQ0A="}},"signature":{"type":"Buffer","data":"qXfmaQrX7pBPiCwwkS4pdT3h27faou+txibWyWmVpAPle5cK0Id3fkI2BT2/2omJmtGBWlaXPx6cKwdjbD2Qjg=="},"keyId":1},"registrationId":95,"advSecretKey":"bpo4qaEbRks0pESLB+k0hNT/7FRdMjFLp7NTUQMhMF0=","processedHistoryMessages":[{"key":{"remoteJid":"6285707101183@s.whatsapp.net","fromMe":true,"id":"C5A29DE949F7816306B0FE83D3EA14CB"},"messageTimestamp":1694501156},{"key":{"remoteJid":"6285707101183@s.whatsapp.net","fromMe":true,"id":"D65FBB621BCC5F38A9224D2A585C5B41"},"messageTimestamp":1694501156},{"key":{"remoteJid":"6285707101183@s.whatsapp.net","fromMe":true,"id":"67A5B9BDE831BB843D94BA162017E409"},"messageTimestamp":1694501157},{"key":{"remoteJid":"6285707101183@s.whatsapp.net","fromMe":true,"id":"1C38D34691E345AE0FE7006C2E91136F"},"messageTimestamp":1694501157}],"nextPreKeyId":168,"firstUnuploadedPreKeyId":168,"accountSyncCounter":1,"accountSettings":{"unarchiveChats":false},"deviceId":"wGt-mQmbS3a56a_lTMd7Gg","phoneId":"bbb7234c-6a4f-4749-97d7-1217584b5622","identityId":{"type":"Buffer","data":"dL89qXzLTgdbuDAyioq2OHtJS48="},"registered":false,"backupToken":{"type":"Buffer","data":"Qd8GPepoDtnTSpGxSZkx0nXOhw4="},"registration":{},"account":{"details":"CMzQzoMFEJ+SgKgGGAI=","accountSignatureKey":"s7h9hBePzDYekO8CGa4E3T7VPzhry+ONfwcrdAxt5z4=","accountSignature":"9G/rm78lrPmei5aRtKbxj0EJBErD2J+jpbWx2iEabC8xsVm66JfIEDDYJZ2eT6/XCxkNoSACaIYz2a408NVbDg==","deviceSignature":"ZziraG63unl9HRWG2INVOnlZZ7AjXbscisz/KXYjLiIfo5BdP8OrlI3OGyhyLkDht6SmOZaAa22a95DEVIgFiQ=="},"me":{"id":"6285707101183:5@s.whatsapp.net","name":"DAMZ AI BOT"},"signalIdentities":[{"identifier":{"name":"6285707101183:5@s.whatsapp.net","deviceId":0},"identifierKey":{"type":"Buffer","data":"BbO4fYQXj8w2HpDvAhmuBN0+1T84a8vjjX8HK3QMbec+"}}],"platform":"smba","lastAccountSyncTimestamp":1696233961,"myAppStateKeyId":"AAAAAEIt"}