[{"senderKeyId":130117008,"senderChainKey":{"iteration":1,"seed":"gy+6R20NFvYG3guFHiEmrpTRAA7LGHqEmvbF49coH/M="},"senderSigningKey":{"public":"BYbyVGIlU1B4Cd1kxiuTd6qJeUVs4T7jMLLTkvIKOhM5"},"senderMessageKeys":[]},{"senderKeyId":280501117,"senderChainKey":{"iteration":1,"seed":"JGLKrBBTgXdr0EFvPcsQGIhyOyTBDGfjcCl11DK3LUs="},"senderSigningKey":{"public":"BWAUk/IGQfosW+8S7F5g/g1J+xEeUV6XfpRBHi6Qhv1H"},"senderMessageKeys":[]},{"senderKeyId":2090712550,"senderChainKey":{"iteration":1,"seed":"/D5IgEkAAo3yhCcw4fGvWq6Pmygtu80sCmGHy88IjOc="},"senderSigningKey":{"public":"BYPuABqPW8Hc6SMoF9Txm2NyIRBWRU4JTq0WqaQa+SE6"},"senderMessageKeys":[]}]