[{"senderKeyId":2039344036,"senderChainKey":{"iteration":0,"seed":"crx05qB89m6ax6xcTziKtwXqurE6tgOAh/EtwqNh1jA="},"senderSigningKey":{"public":"Ba8/845NFHK+KnCWg68HJJ0IhqbEQAWbru8dQVrK6htF"},"senderMessageKeys":[]},{"senderKeyId":1950482141,"senderChainKey":{"iteration":1,"seed":"/v9OS7vLCfbAMJqvhzO4of0iv768NLv/20OsLifpY5c="},"senderSigningKey":{"public":"BWJcaggd3zG8T9zyPtWJOJ2gn+FXjQKEeQT132N2c3RN"},"senderMessageKeys":[]},{"senderKeyId":1335474979,"senderChainKey":{"iteration":3,"seed":"rx3BeZOTxVsQSiDrB/gJtKSqxgt3iODcTs0bpfJGhog="},"senderSigningKey":{"public":"BeUGCZ6GggzRX0IQEVdQ3tcOYOXlpFi4uG7E3kK8caxq"},"senderMessageKeys":[]}]