[{"senderKeyId":622075952,"senderChainKey":{"iteration":6,"seed":"u94WWjuw/hPRo1xzZzCOvt1Rt+F0HYZtaS78radgnaY="},"senderSigningKey":{"public":"BZGyyCsvBeINJVJ9SD8uTmYN3wNbg8zcQAyr7GJ5C2VB"},"senderMessageKeys":[]},{"senderKeyId":888284265,"senderChainKey":{"iteration":13,"seed":"Bihn4acjRnOJz1buZmjBCU0fYqnyMnGnpAbPq91DWBA="},"senderSigningKey":{"public":"BT0W1XE2tKKXa5zJrX4IbxR+9WrDCUdHpTHHYyT+jmF4"},"senderMessageKeys":[{},{},{},{}]},{"senderKeyId":735120109,"senderChainKey":{"iteration":3,"seed":"zj52M43ulvD0zTGA6KIu6gEQE1+O5hYJq/4v4XAYGNc="},"senderSigningKey":{"public":"BSHZ4HWiR3un9UyPFHDk4OO61jviWeResaaFWSqpm+Yl"}}]