[{"senderKeyId":1647772808,"senderChainKey":{"iteration":1,"seed":"9Cb67+JZveFgbOvvS7+5BsfXtjNxAqqzwHlNaFgtuc4="},"senderSigningKey":{"public":"BaTwv8w0YJugug0OM/p3fHyL+63mIKUo7UjECBsCC6Yv"},"senderMessageKeys":[]},{"senderKeyId":703566961,"senderChainKey":{"iteration":1,"seed":"Z4NpI35ceQTtethhWVWTuAlV/yx7uxC9xeGqqPfgOGc="},"senderSigningKey":{"public":"Ba+y9UWOPiV8hlybUoyDGe7m4TJU8DDYRyjLO+E5itd7"},"senderMessageKeys":[]},{"senderKeyId":1493457822,"senderChainKey":{"iteration":1,"seed":"Laf/zxIlHPSB9XTdIszWt6gwGtiU4RCKWHCWWuaJZP0="},"senderSigningKey":{"public":"BQvGQJmwEmG8Z71c1qTruKp2in19gTjee0q/E7xwTEEE"},"senderMessageKeys":[]}]