[{"senderKeyId":596869763,"senderChainKey":{"iteration":14,"seed":"Fm4ufQ9614BNUi/VulnpGUSorkrjaWgwGnY818uHzSs="},"senderSigningKey":{"public":"BceigS7pyrFrnuGnWrvtB+rHkt0uEC8HVPlQZC39LzQL"},"senderMessageKeys":[]},{"senderKeyId":596869763,"senderChainKey":{"iteration":14,"seed":"Fm4ufQ9614BNUi/VulnpGUSorkrjaWgwGnY818uHzSs="},"senderSigningKey":{"public":"BceigS7pyrFrnuGnWrvtB+rHkt0uEC8HVPlQZC39LzQL"},"senderMessageKeys":[]},{"senderKeyId":110960504,"senderChainKey":{"iteration":2,"seed":"7YH8Ed7DBku4i37kEeAX228dIH1sg4lMM0WzamBIPWA="},"senderSigningKey":{"public":"BXC59yEKSbxZ3kIrg9Nj0xWn/wb0EIK+d24jNNTjTotz"},"senderMessageKeys":[]},{"senderKeyId":483925862,"senderChainKey":{"iteration":21,"seed":"i4anAUx5uLrw3gDn61p0eDml/yGr65d5p7iuN/ncMmU="},"senderSigningKey":{"public":"BXbLJJ/PDxgNZ9PI+FGQLSPume8APd4K4ZwQv5i9vP53"},"senderMessageKeys":[{},{},{},{},{},{},{},{},{},{},{},{},{},{},{}]},{"senderKeyId":972141925,"senderChainKey":{"iteration":12,"seed":"b7MM22Cs+3eXpooxFmYJaihf1PRAOPfvAzu5pNgE/2A="},"senderSigningKey":{"public":"BSxYMcq6lUv4N27TXV5zwv9J0hXyjSr8kqFfjbZVOoNI"},"senderMessageKeys":[]},{"senderKeyId":226258486,"senderChainKey":{"iteration":6,"seed":"AwocVwyTZKpi6yNjGzI/awVDva52zPXeM8QryyXh1KU="},"senderSigningKey":{"public":"BQAWMmeBKy+jK019/aNmmW3oB1bMeKS7ao4Dvb98QpAn"},"senderMessageKeys":[]}]