[{"senderKeyId":1169802245,"senderChainKey":{"iteration":3,"seed":"J63FcgTHWxIgmlfWfLwP2cj9LRhrnl66flUVOD+LGhA="},"senderSigningKey":{"public":"BXnvhuVsBS/EveYcLItVkwXmV2fGcG6iVFuTBYrIEgZg"},"senderMessageKeys":[]},{"senderKeyId":1141910372,"senderChainKey":{"iteration":2,"seed":"7afYPppmMGW1DaVGkVWjox0qAjmI+xslvtjARwFAd+w="},"senderSigningKey":{"public":"BQODooyiLj3FcfAUXuqJuVbM7QHTj5+M/TuParn9QmRm"},"senderMessageKeys":[]},{"senderKeyId":1693901987,"senderChainKey":{"iteration":2,"seed":"GBS1NOWPB2NFkL2uUJaoywqusANKqCjN7S+W6g9G8Ek="},"senderSigningKey":{"public":"BVayfMqqiIBNkhyXNTLL+ySxiNVjA8GAFUOGiqOWTXg6"},"senderMessageKeys":[]}]