[{"senderKeyId":1114924350,"senderChainKey":{"iteration":0,"seed":"LXdmFLiai21bkHE6YNwcJFgqu18F4bG7AnlO9fApdOc="},"senderSigningKey":{"public":"BZkT+FpKo8xWUJTQ+DEVd/uDRoo8o6NZqcLZLc2fzrUV"},"senderMessageKeys":[]},{"senderKeyId":697655229,"senderChainKey":{"iteration":1,"seed":"8/RS9kIfuDHmH5XxuKRiLzCrc9gwtTgJYJMKxVVIfFg="},"senderSigningKey":{"public":"BQr2D28tR2ATzYXLLfQZ+vkH5rEXqmFICuZRit0hZG1A"},"senderMessageKeys":[]},{"senderKeyId":46816483,"senderChainKey":{"iteration":1,"seed":"imcGT9TGZKgJrB7RvOdVzuWWR152chNKZsKiZW1nD6c="},"senderSigningKey":{"public":"BYGRQuk6ckK+QlO6VMLxLuxzqc607VAxc5isJRhQdoha"},"senderMessageKeys":[]},{"senderKeyId":116511275,"senderChainKey":{"iteration":0,"seed":"5nmR8xfEoXmUz7CocUC9QcM7Hg+sUiG2Fv3JS39g4os="},"senderSigningKey":{"public":"Bdc9dl7rxYIPEGZovFVRo5Cz9SQyAPqnN7KRMB2fVUZy"}}]