[{"senderKeyId":2146593065,"senderChainKey":{"iteration":4,"seed":"//7KpbDEGZoftXvubB+LC7PoVXOktiDwNsTAD6uXz2w="},"senderSigningKey":{"public":"BbMGVcI06JlGdkn7bVrz5HD+NhhjyLQ4sIXO/SERxGts"},"senderMessageKeys":[]},{"senderKeyId":1812658551,"senderChainKey":{"iteration":2,"seed":"LvW3snzRpJiwAGHnEpxw6JZG62PPIgBKw3e9yPEAg7A="},"senderSigningKey":{"public":"BQsuh0BU34+kgumEfIDv/JFk86KXu5E1o0vIQCVqETEI"},"senderMessageKeys":[]},{"senderKeyId":477648393,"senderChainKey":{"iteration":8,"seed":"5Dc/2PHjWWTW6ZJ2jYYXR/YeIH8KUqQqcfUl+Kieng8="},"senderSigningKey":{"public":"BWTFgDfNaIKXCt4u0eQ8jPufOXEzWqYTACk81LFJ4jlR"},"senderMessageKeys":[{}]},{"senderKeyId":477648393,"senderChainKey":{"iteration":3,"seed":"2ya3k6Gf8OWqHr6BtjCUeZ7TpHUuokRVHg8jPjOznFY="},"senderSigningKey":{"public":"BWTFgDfNaIKXCt4u0eQ8jPufOXEzWqYTACk81LFJ4jlR"},"senderMessageKeys":[]},{"senderKeyId":477648393,"senderChainKey":{"iteration":5,"seed":"U79zXbHcXoa5nmrTTi1CHMeabi6PbA3XHo1h9qkLi/E="},"senderSigningKey":{"public":"BWTFgDfNaIKXCt4u0eQ8jPufOXEzWqYTACk81LFJ4jlR"},"senderMessageKeys":[]},{"senderKeyId":477648393,"senderChainKey":{"iteration":6,"seed":"yqhDqjKTBhGBTePUs84qG7dfkdZS3+iOX7uzLTUVm44="},"senderSigningKey":{"public":"BWTFgDfNaIKXCt4u0eQ8jPufOXEzWqYTACk81LFJ4jlR"},"senderMessageKeys":[]},{"senderKeyId":1753617457,"senderChainKey":{"iteration":1,"seed":"vcZs4ddhLaF2Nqs+5kp7D91+iUVeR0Z6dYKNM0ZRKXI="},"senderSigningKey":{"public":"BWjVMe77XUBoW6C/kBgkIlrSPRG6KRW/S+/ox5s8lQU7"},"senderMessageKeys":[]},{"senderKeyId":242907838,"senderChainKey":{"iteration":0,"seed":"PkS41G+YIx5WNWHclohbNphU708G4VSNLAMGwW+VYHE="},"senderSigningKey":{"public":"BV5fE8HLNDEY2veb7P9vXdudyiqJpsuRv4s6aFYC89dp"},"senderMessageKeys":[]},{"senderKeyId":442895428,"senderChainKey":{"iteration":2,"seed":"ae+ZlWfYuJxqo5I6ebu+S92Zpi0IGWiIJQ5eJlrrdYw="},"senderSigningKey":{"public":"BdX+lnqnveCWfolZgllgG7TGbSdLK4v/pMfq93defOs7"},"senderMessageKeys":[]},{"senderKeyId":1288202402,"senderChainKey":{"iteration":1,"seed":"EAzenDUvU8Zz1rBkLUZLrC06AU6dnAnWOBj3dKjn2+Q="},"senderSigningKey":{"public":"BRgYplckrfXqZLMv5j6w/EB1ijE55wfSkb1Z5YIjtDUc"},"senderMessageKeys":[]}]