[{"senderKeyId":1064820869,"senderChainKey":{"iteration":2,"seed":"fQSXp8Zx5bIChBd9AiZmyMxhb2+SSfeEQt+vChO+Mtk="},"senderSigningKey":{"public":"BW1U9gmBm4gE+MhJMfqvTiiDSGMXFyQ2xgH+LiWuuC5B"},"senderMessageKeys":[]},{"senderKeyId":1260121827,"senderChainKey":{"iteration":2,"seed":"avNbJnOMlxbT+aSWyf18OWixbVnI0WYCtWe5yfeQH/E="},"senderSigningKey":{"public":"BcVr7bw8MyzN7LhLMbQdWm4DRi3Kghyz6BGxQxgIzF56"},"senderMessageKeys":[{}]},{"senderKeyId":1260121827,"senderChainKey":{"iteration":1,"seed":"//owK0d9s0vISOVequQp35lgAvEjcpNZKhQT5R+Ys/E="},"senderSigningKey":{"public":"BcVr7bw8MyzN7LhLMbQdWm4DRi3Kghyz6BGxQxgIzF56"},"senderMessageKeys":[]},{"senderKeyId":804507979,"senderChainKey":{"iteration":1,"seed":"sxi2Y+CrT/LD87URCJwTPyyu7uoccbCe/xaMxxSI73Q="},"senderSigningKey":{"public":"BUIW7L4EpwkGP3V6pDlZw6xkoxm66K+zPw3J3nTDFTwg"},"senderMessageKeys":[]},{"senderKeyId":1814336846,"senderChainKey":{"iteration":1,"seed":"IpMaQTdPFzf43insyx251tR8AdH2XbCaknMCu/ZA4xE="},"senderSigningKey":{"public":"Bci9XIE8XvLSdaliut0UbwzheQOVMx333YvtKsHurp1O"}}]