[{"senderKeyId":1216053555,"senderChainKey":{"iteration":1,"seed":"wjxxSo4wNdso8qDodLmYHkTBpX8AEIWsyCSR2iry4xc="},"senderSigningKey":{"public":"BbrKSigfzg1k1tO9q5qJ8EQjkhtglKzuW6QIAdMZgJJW"},"senderMessageKeys":[]},{"senderKeyId":139095585,"senderChainKey":{"iteration":1,"seed":"MX2Yqtgf1F6BLbNA/iN4vy1tiYvEJ2Z1sKh/puIZkm8="},"senderSigningKey":{"public":"BazH6zRrigleF6CUN+ccs5VuLRg2KAVQdHma4QyXWkEh"},"senderMessageKeys":[]},{"senderKeyId":673381205,"senderChainKey":{"iteration":3,"seed":"/bYfUVMhsnF8s/oP0/i3Qe/BLdhj2pyUcljeqxL7SME="},"senderSigningKey":{"public":"BTWgq6MZBQ9A0bu1jaoius2nmS4aPfVp0nCnEtv0vkIS"},"senderMessageKeys":[]},{"senderKeyId":959922980,"senderChainKey":{"iteration":1,"seed":"ai+xTAOLjN/cXGH/7T+fdTFC3qYtO19CWrkhQVOaqLI="},"senderSigningKey":{"public":"Bds87HaPGmo+WGDDpSOKj2xF4HlSz67psE/BCDs0SWgx"},"senderMessageKeys":[]},{"senderKeyId":179334306,"senderChainKey":{"iteration":1,"seed":"++RePPXPRk44AmLGKXf9kRSdwLGwtwt+WXKG2ZMX2tg="},"senderSigningKey":{"public":"BT5nx1Xuqn5BSGyjv11X5AyZRL3Z66qRcBaEPE7z9SkG"},"senderMessageKeys":[]}]