[{"senderKeyId":1904761355,"senderChainKey":{"iteration":4,"seed":"Z8o1GmYT2kOJL3/fNzel5q1JUKGYUbCbA3dwiwJF+QI="},"senderSigningKey":{"public":"BTkRVGJfXMSlegrqnS09kN57xEhhc7FEVGCUs+QJbz06"},"senderMessageKeys":[]},{"senderKeyId":700319226,"senderChainKey":{"iteration":8,"seed":"WIFhx6RiAXUCqDH4ogfhyGMFm44Jl14S3iVZw+I9JsM="},"senderSigningKey":{"public":"BaY38pEp/7oB1pX/EfnY1CFap5DNyEjmkRmxmkjEV/lN"},"senderMessageKeys":[]},{"senderKeyId":1202309431,"senderChainKey":{"iteration":1,"seed":"fNTi4h86gkstd6bNVegRmPuXJ65WrheqD/Aiv0KvqAY="},"senderSigningKey":{"public":"BV63yLA+UAXitNMKoxnt0Rc4V3L872gdfbr/dHOKCRx7"},"senderMessageKeys":[]},{"senderKeyId":558395780,"senderChainKey":{"iteration":4,"seed":"AXFNsm4rcQt7IxlKXu3LTBG6WZ9wQwb0PknXNixk6xM="},"senderSigningKey":{"public":"BaHNM5B26MfLEYZFVdnJfsN3TFaqOON2sYCFvGICqnkM"},"senderMessageKeys":[]},{"senderKeyId":447197692,"senderChainKey":{"iteration":0,"seed":"51c0cltGbbvkgNQY+DrfrUbW5D550QVzU03EsCiwpbU="},"senderSigningKey":{"public":"Be3jWIl/imz/gmiXmItYLQc46yFzJU4HTKB/4YAZ1+cz"},"senderMessageKeys":[]},{"senderKeyId":456920468,"senderChainKey":{"iteration":3,"seed":"+97qNFRrermGH8+53KzBtRue/Y0CyL8keoIUReh7nyo="},"senderSigningKey":{"public":"BUszLhG5FjU/OgwKcmtf3U9+//lNTsWr0+yx/K06kuFu"},"senderMessageKeys":[]}]