[{"senderKeyId":1130769854,"senderChainKey":{"iteration":13,"seed":"Mjwn7BTB7AzJ7N8ldVG2KeTrH47phoJpkz7tId3BoZ4="},"senderSigningKey":{"public":"BTRBP/taaQWOLKKnXIy73e7NmKXxhAouHOpsvJo9R7Vk"},"senderMessageKeys":[]},{"senderKeyId":1130769854,"senderChainKey":{"iteration":13,"seed":"Mjwn7BTB7AzJ7N8ldVG2KeTrH47phoJpkz7tId3BoZ4="},"senderSigningKey":{"public":"BTRBP/taaQWOLKKnXIy73e7NmKXxhAouHOpsvJo9R7Vk"}},{"senderKeyId":1130769854,"senderChainKey":{"iteration":13,"seed":"Mjwn7BTB7AzJ7N8ldVG2KeTrH47phoJpkz7tId3BoZ4="},"senderSigningKey":{"public":"BTRBP/taaQWOLKKnXIy73e7NmKXxhAouHOpsvJo9R7Vk"}}]