[{"senderKeyId":316834170,"senderChainKey":{"iteration":3,"seed":"TU1bU23p51FU37VUxZDqu07Su6DgOinZVlDc4jFMlJg="},"senderSigningKey":{"public":"BbqThAXoqHTx+IJrvve+whnHNQ3Flwh2OCMEv2Rct8tI"},"senderMessageKeys":[]},{"senderKeyId":827466122,"senderChainKey":{"iteration":3,"seed":"8HA0o+WUJP/RxcxK3QWlw0kpLXglQFNTsZSeXKoE1mE="},"senderSigningKey":{"public":"BeZ3Vi8L232GPsZ+XsRikAu+gIUh2OUUfGDh28UWdwUo"},"senderMessageKeys":[]},{"senderKeyId":1434997991,"senderChainKey":{"iteration":12,"seed":"WI/HeX8lhPh/Oo91Q86u4eyUC4h+eoQ8vaOta8U+JOo="},"senderSigningKey":{"public":"BXwxKeE1qlAgnm0W53+9n4Drn6GlhCmtvbICwDiRG85r"},"senderMessageKeys":[{},{},{},{},{},{},{},{}]}]