[{"senderKeyId":1639787644,"senderChainKey":{"iteration":2,"seed":"oSlabj3Bsr+mPNjBczXCz0nz8BoZYKccjWGSntbLOPc="},"senderSigningKey":{"public":"BadYDbh6q8d33zYW/sfYah1YHLZmU/kgRpKuKlXTdT83"},"senderMessageKeys":[]},{"senderKeyId":1639787644,"senderChainKey":{"iteration":2,"seed":"oSlabj3Bsr+mPNjBczXCz0nz8BoZYKccjWGSntbLOPc="},"senderSigningKey":{"public":"BadYDbh6q8d33zYW/sfYah1YHLZmU/kgRpKuKlXTdT83"},"senderMessageKeys":[]},{"senderKeyId":1639787644,"senderChainKey":{"iteration":2,"seed":"oSlabj3Bsr+mPNjBczXCz0nz8BoZYKccjWGSntbLOPc="},"senderSigningKey":{"public":"BadYDbh6q8d33zYW/sfYah1YHLZmU/kgRpKuKlXTdT83"},"senderMessageKeys":[]},{"senderKeyId":1639787644,"senderChainKey":{"iteration":2,"seed":"oSlabj3Bsr+mPNjBczXCz0nz8BoZYKccjWGSntbLOPc="},"senderSigningKey":{"public":"BadYDbh6q8d33zYW/sfYah1YHLZmU/kgRpKuKlXTdT83"}}]