[{"senderKeyId":1079007501,"senderChainKey":{"iteration":3,"seed":"E+tW8FUJxMRwOSsR6zK6sYaceQTknirka0e3mH+dvyI="},"senderSigningKey":{"public":"BVUr5YYMinUunJ+FnlR1NA0XFDX7RJkigRbqbzM7wTRj"},"senderMessageKeys":[]},{"senderKeyId":45441493,"senderChainKey":{"iteration":1,"seed":"3Afg7vxZltUICcrYqKdNxAIiGGrWcfJYKhldHIq96zM="},"senderSigningKey":{"public":"Bewxya4Nbba4IcqaWOoD/PAB++6x/kQnyF+vEXToyHgG"},"senderMessageKeys":[]},{"senderKeyId":303179822,"senderChainKey":{"iteration":1,"seed":"mgDEhUGmqw5NAlNOhGjEzA6E8FtSslajeqmmniEfcjM="},"senderSigningKey":{"public":"BQNljtYHSYNU2WV3wOIjO/MGvyY7MOUjMUWRrV+kdSQ+"},"senderMessageKeys":[]},{"senderKeyId":2060074551,"senderChainKey":{"iteration":1,"seed":"+ch4wJ643nBmETdhlU2++OtiyiW+0mWXuWrKXVGKI0Y="},"senderSigningKey":{"public":"BTo8gxhV8HmPGMX7sYwRGSlfK6jrqCYmP7+9WzKg6/ls"},"senderMessageKeys":[]},{"senderKeyId":1158658095,"senderChainKey":{"iteration":1,"seed":"OhonLfjMfqrY2RtGG1oqp0gcOHhUGjyj2k9gR3m7yyo="},"senderSigningKey":{"public":"BQgY+lyVsp0T1tAgevNw4ROJHOD2aRdG30fSTY54tw8E"},"senderMessageKeys":[]},{"senderKeyId":1583590950,"senderChainKey":{"iteration":4,"seed":"v+rO3bKzve6MAwlOt0ay8JfatFHYZZR+uimlCHQ7ZAM="},"senderSigningKey":{"public":"BZJievHDo59Pd1tD2ySAIP5zvFXIYFjT0VU7jKTJEzhR"},"senderMessageKeys":[]},{"senderKeyId":204693127,"senderChainKey":{"iteration":0,"seed":"2BfCVPRYykIOhS6flx2SivHy45eu9mCojwIPHlnr9QY="},"senderSigningKey":{"public":"BdpwKNs2xviPxdJun+dUO8slnoK1uJGzjO8/exVcGHxl"},"senderMessageKeys":[]},{"senderKeyId":610975125,"senderChainKey":{"iteration":1,"seed":"bVkD+8Et/SnzV8BmM5kSTRqDMH7AGKacorr1eii61i8="},"senderSigningKey":{"public":"BbsIFd4OC4J2Ijyp4Y/ikH6A2KvO+c031HL50XWUk4ly"},"senderMessageKeys":[]}]