[{"senderKeyId":597104656,"senderChainKey":{"iteration":16,"seed":"x+Zk2rXWbW7dgHXGB6D4yxnqo2lzE3bFo0a89eeTnkY="},"senderSigningKey":{"public":"BQ8SamcLt5TG7Ig9D+7wC0MBoSDTFqFp0sJCJOsZ5r4B"},"senderMessageKeys":[]},{"senderKeyId":630606864,"senderChainKey":{"iteration":2,"seed":"0COP6FglDvHfrmcSm1PimCp8XeW7k6D8R1kqcFOek3E="},"senderSigningKey":{"public":"BRQJFvcC+6dHyRsMIIzO4C+9hhxZbZ4tMCiDGOecL+IV"},"senderMessageKeys":[]},{"senderKeyId":630606864,"senderChainKey":{"iteration":1,"seed":"RoJ2in/BpLPs8DqrvW3XeF8ZGq1aknXHSj8d4lIwmgE="},"senderSigningKey":{"public":"BRQJFvcC+6dHyRsMIIzO4C+9hhxZbZ4tMCiDGOecL+IV"},"senderMessageKeys":[]},{"senderKeyId":2042327488,"senderChainKey":{"iteration":10,"seed":"F6FhClnah9mWyjk5215Xh7XA7Um/+mAR9yx4hktbOL0="},"senderSigningKey":{"public":"BV1jOOxJY2YytQcAl2aOkgQ80NC8VU4ULoJz47Ed/IUw"},"senderMessageKeys":[{}]},{"senderKeyId":2042327488,"senderChainKey":{"iteration":2,"seed":"ca0pHuI0DEtjIZLMHhnl5ubdujSOuONdOoN96K0sQ3k="},"senderSigningKey":{"public":"BV1jOOxJY2YytQcAl2aOkgQ80NC8VU4ULoJz47Ed/IUw"},"senderMessageKeys":[]},{"senderKeyId":2051383513,"senderChainKey":{"iteration":8,"seed":"ZfRrKEFlPfz3Zh/jYwedLhtrTp1e0ZR56B6ecNte/nI="},"senderSigningKey":{"public":"BYoS019ebZLFsvpB68FmzOYRB/5Xn7kl5hp4REpIDIkK"},"senderMessageKeys":[{}]},{"senderKeyId":1601699277,"senderChainKey":{"iteration":1,"seed":"pUm4K8ov2TuGnyGG6gfbkzknC5UShfpUs62hb3t2hXI="},"senderSigningKey":{"public":"BYsD/Ee1IXHX96JJT7SSmwDHfh+JAxh2ApI43FoyhXdB"},"senderMessageKeys":[]}]