[{"senderKeyId":1305072124,"senderChainKey":{"iteration":3,"seed":"AvUQL+Ia8MY5mfzSkORrH72FmILgYQuvlU43I3KVyPo="},"senderSigningKey":{"public":"BRhgWwBsjo8oTFLRz5wRkyhpXErU/C84YtH6BmQ9wTEV"},"senderMessageKeys":[]},{"senderKeyId":1305072124,"senderChainKey":{"iteration":0,"seed":"tcrXXhzJlye4pK7jCAIet4BKsKqxHgD/dUG9Oix9iMI="},"senderSigningKey":{"public":"BRhgWwBsjo8oTFLRz5wRkyhpXErU/C84YtH6BmQ9wTEV"},"senderMessageKeys":[]},{"senderKeyId":275986143,"senderChainKey":{"iteration":3,"seed":"fh5no04XaVpGjamACycE0ybuPjHUljz3vvY1ip3BFso="},"senderSigningKey":{"public":"BddZZb6ZVdo5DeaeRgkaiQISx7XSKACmP3gfsqOjaJpB"},"senderMessageKeys":[]},{"senderKeyId":1744537799,"senderChainKey":{"iteration":2,"seed":"dN98MqXf+HksjsXt8/jvEUCkTWscSwRji9lHtcQQHYw="},"senderSigningKey":{"public":"BdzS5fjp0+4M0plp+rCObWnZgiDUARsuBQXoUE3yCDEF"},"senderMessageKeys":[]},{"senderKeyId":810277588,"senderChainKey":{"iteration":2,"seed":"QP+lWydOXx6vmwdEUtf28+rUfE61RTuS1evpBDmqWhU="},"senderSigningKey":{"public":"BTUMi8XuZXuQDdeu9rZoh1q+xEMF2SNkaIeo4Z4+oQNn"},"senderMessageKeys":[]}]