[{"senderKeyId":1000503469,"senderChainKey":{"iteration":43,"seed":"A1miDeMizlEKZDz/vVkvxWUT8o0C4OCOrLtwcZ/jKf4="},"senderSigningKey":{"public":"BXlMTih+Ufny7Bcirm6p6HAeJ2+STNhRYB/zlGrkM9JW"},"senderMessageKeys":[{},{},{},{},{},{},{},{},{},{},{},{}]},{"senderKeyId":2099864334,"senderChainKey":{"iteration":1,"seed":"I6KzWzHqNGcTTjADyi4VsfzNgZOwM5A+xw1YjT/g/xw="},"senderSigningKey":{"public":"BQPFsj+mTJc4jzuD4bAYWT2fcUOJ+elzJp8RiOn5pUdu"},"senderMessageKeys":[]},{"senderKeyId":1937420190,"senderChainKey":{"iteration":12,"seed":"+pTO1FKpg9d0JAW9Hw7YX2bQXDeqIBvslyNsNh1MRRI="},"senderSigningKey":{"public":"BTX3QYx38eRZ1pDT1pb5lVKsgX9tHomZ6n/J0gsD4uwk"},"senderMessageKeys":[]},{"senderKeyId":510703408,"senderChainKey":{"iteration":2,"seed":"6FJq8cTgDNF4p7BkGj7PI0rkHtfVprckB9z3ayDAVCg="},"senderSigningKey":{"public":"BZ6uO6/F63vm/jkvFDL8eh1QDA89kXOTOIzGp0LRWCBG"},"senderMessageKeys":[]}]