[{"senderKeyId":57859582,"senderChainKey":{"iteration":6,"seed":"JON5HrnOotyU1SQ0G1LVBBexD3sLDz0GIjS91NV/oIw="},"senderSigningKey":{"public":"BQRGbPXAXE+JJt+KUnaonspbv2R7y7/MfXTM2JRWDg4j"},"senderMessageKeys":[]},{"senderKeyId":1853200972,"senderChainKey":{"iteration":2,"seed":"bWV5DDhAc7pLI4r/UICdhm5f3Ek+DVnQM848H368sE0="},"senderSigningKey":{"public":"BRz7G40QTLv0dEfPXtJ2GZmZCCHmKe+VGV5B6nE9bBBz"},"senderMessageKeys":[]},{"senderKeyId":1063445407,"senderChainKey":{"iteration":7,"seed":"nVQHihMSDvomD3oq11BIwCvlbcy+sX4L3/6W+Gw9Zq8="},"senderSigningKey":{"public":"BcXTmapJ/ccQKAPSPlFNzByw5SRqF/YfhjwmrnUQtz83"},"senderMessageKeys":[]},{"senderKeyId":461520353,"senderChainKey":{"iteration":5,"seed":"En9wx8dH7rYhDQ585lLX919yiOSuEjjhgGKuXAEpIjU="},"senderSigningKey":{"public":"BRJflu/beQF0t59iWpOOWYBB6TrhSfwYiryyi14VjJ5B"},"senderMessageKeys":[]},{"senderKeyId":2070608675,"senderChainKey":{"iteration":3,"seed":"yvKJBwHaiEcVrvFUJoxA2Mgg6SCTB37jZntbSkG+IYU="},"senderSigningKey":{"public":"BSUh32GsDYyXiog7dkSda7OrU8k4GWISGppLiBY9zwdo"},"senderMessageKeys":[]},{"senderKeyId":1724952673,"senderChainKey":{"iteration":0,"seed":"DELE4BVQ4N+/586jPlxsEuDOggS4EWkU6T/qKZOJkws="},"senderSigningKey":{"public":"Bdh0ODonulVmm15tg07mHTtGm/TdxjZyhJ4xekI9WmUI"},"senderMessageKeys":[]},{"senderKeyId":1055618068,"senderChainKey":{"iteration":6,"seed":"zOkLVgW1o5xXwwhcmtTeEporl4hKhqNKKCXGmhx50ow="},"senderSigningKey":{"public":"BZ4cUjV3/zpm+uyS9+TWqNs+L803ZYNxHAvFnIobPJsA"},"senderMessageKeys":[]},{"senderKeyId":1055618068,"senderChainKey":{"iteration":3,"seed":"y8J2CaDyEL/wMglJQ3R90s6TLp9ZghyUrTCnaj1YQok="},"senderSigningKey":{"public":"BZ4cUjV3/zpm+uyS9+TWqNs+L803ZYNxHAvFnIobPJsA"},"senderMessageKeys":[]},{"senderKeyId":17480462,"senderChainKey":{"iteration":0,"seed":"hhSRqtYjki1lqgM27eSmq9rGsNsWwKP3M4m8wJbPxgo="},"senderSigningKey":{"public":"Bar23X368omYyC0FrJrsbYDfOCfiU04wvKc2G0ApmKAc"},"senderMessageKeys":[]},{"senderKeyId":1381100472,"senderChainKey":{"iteration":1,"seed":"I+jVk8J7pCsJUSzByoam4SyiIqGqR8JtS9k8uoKFSyU="},"senderSigningKey":{"public":"BRnY4tGKhxlnsmxsvAz+8RJFahazJl29Bf7M/MIaZh4T"},"senderMessageKeys":[]},{"senderKeyId":1275084205,"senderChainKey":{"iteration":1,"seed":"XTnxvRjh2jWpn72LU8q4vdiu20CiIm0caamLM439jFg="},"senderSigningKey":{"public":"BXasTI5svZwrAO8Jp3L/4Oarie2nooS61i76ViKwNYtk"},"senderMessageKeys":[]},{"senderKeyId":379360780,"senderChainKey":{"iteration":3,"seed":"iaxKVhmd6/QJCAfSJqeM+M2SY/AGV6ryGnXYiBQ2jzE="},"senderSigningKey":{"public":"BettBjNmhzVTon5zhP4KrUY7zHTCXz7Io0TSwFCLkB4A"},"senderMessageKeys":[]},{"senderKeyId":207504261,"senderChainKey":{"iteration":2,"seed":"Q2rZZsLgy9kTx2SU0bo4KnfDFLcsJnG3NCRpikHpmas="},"senderSigningKey":{"public":"Bb5xFRlouaVFLP3EPZPYWhDi7PWKQBOQjJpe6AirrXFk"},"senderMessageKeys":[]},{"senderKeyId":453848070,"senderChainKey":{"iteration":3,"seed":"Cgrl4b/I30wzu4UqIazOoTmx4XMZ498aDE1n8Tzv63w="},"senderSigningKey":{"public":"BaZm1oYz0Se55AiM/ZEfsnUkes+MUxQDi7+Ml04W//Eo"},"senderMessageKeys":[]}]