[{"senderKeyId":461454034,"senderChainKey":{"iteration":8,"seed":"QSu5M2IhAgsJw+t2zmg0k3CgOba35Wg2p9V0S6KnmfU="},"senderSigningKey":{"public":"BdF5RzVct50pQJRlK1y7z/yBBLuRHbarFpSboo59iDpW"},"senderMessageKeys":[]},{"senderKeyId":461454034,"senderChainKey":{"iteration":7,"seed":"gvf9AFT+mhTzR9K8pafh6/SEHZRzLBb8MP+fJy9zO2k="},"senderSigningKey":{"public":"BdF5RzVct50pQJRlK1y7z/yBBLuRHbarFpSboo59iDpW"},"senderMessageKeys":[]},{"senderKeyId":626621750,"senderChainKey":{"iteration":1,"seed":"r97433G3tzKfEPkh8wdTyxQEPEbW5HI6H39PEXJ3fl4="},"senderSigningKey":{"public":"BdO77N/Kt0S0AmWFtbHHWs1hYMQIbbXRGM/PAhtrHmoS"}}]