[{"senderKeyId":276473853,"senderChainKey":{"iteration":1,"seed":"81S9HLIkT3A5bSunwW3v85poFVruz67+C962t3lUZ9A="},"senderSigningKey":{"public":"BTnX7j5ofwX5w4S2XIVZU3OeTw+eiHaMjbHDJthRO7lM"},"senderMessageKeys":[]},{"senderKeyId":99175543,"senderChainKey":{"iteration":1,"seed":"BfvvRdbBUJdtHS/jXPF0IrjkTwUFCSs1AQbWEAefFns="},"senderSigningKey":{"public":"BYQJon5LTUYVmTC9/E+MMQw78bGsu5qbkxCVmBL39VQZ"},"senderMessageKeys":[]},{"senderKeyId":1685144878,"senderChainKey":{"iteration":5,"seed":"DozV9qElEbvsiLxGaoB8LMXTLcf2H6DEH1TbLpAIPM8="},"senderSigningKey":{"public":"Badc05CaNcMVP/LwfzbAKO1MrzM4GD82Dp4fylRrELNF"},"senderMessageKeys":[]},{"senderKeyId":1200993247,"senderChainKey":{"iteration":0,"seed":"UiMXZnpJtXZCIB5qUCNnvk0uvqWrQE1SKyvFCrCEzXM="},"senderSigningKey":{"public":"BRfwMXitG2CcjHq15uOk8Up/2Yxx7kT9ntvKHj9HLsQm"},"senderMessageKeys":[]},{"senderKeyId":769852775,"senderChainKey":{"iteration":3,"seed":"XeM+YlnuFecOAr+cHniK0HMq3udSZsvtsp7H8sAPvOg="},"senderSigningKey":{"public":"BeN5ais4vXSgx0g6NXxD/NHk4lTPjwM4PDRtE8nwmOtR"},"senderMessageKeys":[]},{"senderKeyId":1973672994,"senderChainKey":{"iteration":2,"seed":"KyiUtSmIWw9GuHQekUT9JGzoCTPH+xoLY1HjTd98rFg="},"senderSigningKey":{"public":"BRcXurdSMk05ITaRPZpbklnqXOu1fe0i03OC8XUHllAa"},"senderMessageKeys":[]}]