[{"senderKeyId":1367080131,"senderChainKey":{"iteration":9,"seed":"kqs16msouHwXpkndj7PXOVSxLAiMV0i0ap/cjRg3ZHM="},"senderSigningKey":{"public":"Be0lhQrG+v1ltE/vGK2xjKac/XOYAaTuVALi0QOeeutj"},"senderMessageKeys":[]},{"senderKeyId":2030171295,"senderChainKey":{"iteration":1,"seed":"oWyB2O6rOWVEzjLYh+9FAiAXsMqtEOwLf0No3gtOqnY="},"senderSigningKey":{"public":"BUO+W9IjvrFD5MZ71tkw/5lcz0POchjQTvDgBjRCHMYc"},"senderMessageKeys":[]},{"senderKeyId":1906046828,"senderChainKey":{"iteration":9,"seed":"5RVEfJFwWwWAHC1jA7anxG3+K/eUC1zkSnpib9MNtx0="},"senderSigningKey":{"public":"Bd00EQUU/GCVvD1ByC7Kk7ZvmbOo/fOfzRMZ3DmnRcQr"},"senderMessageKeys":[]},{"senderKeyId":604041758,"senderChainKey":{"iteration":3,"seed":"eCbmGQSPzJdNltlAP1DQxgZ9pZuz0nnKq5S/T97W0S8="},"senderSigningKey":{"public":"BTI6SiWeU6CCL94DDyQZcMB6kzaJ71vuOGk3OSMPRxg1"},"senderMessageKeys":[]},{"senderKeyId":985043830,"senderChainKey":{"iteration":4,"seed":"zN595vNUnPlwADyxWY5O2S0EgmHQurR9dta+WB7cHVA="},"senderSigningKey":{"public":"BRH8npdJPODRsvVZs2a3fIkEo8LkioOt0JU7wODtFH8h"},"senderMessageKeys":[{}]}]