[{"senderKeyId":763674977,"senderChainKey":{"iteration":3,"seed":"h1m63QT/XsPcQk0oAcG9rkziQh304R5dPF9xy8pIrvU="},"senderSigningKey":{"public":"BfyihDoUzT75sOqHrUeKMfOYNeSd/2x5as3XrHAXifco"},"senderMessageKeys":[]},{"senderKeyId":236909184,"senderChainKey":{"iteration":8,"seed":"+ul6YrYVeTuAhN1YVxYUuNnkNgIsaPvqLxj/ijT55zo="},"senderSigningKey":{"public":"BTT3j8cox3PAFQfb15g3GJAr1N8VinhicojSUMY6N78Z"},"senderMessageKeys":[]},{"senderKeyId":1949617933,"senderChainKey":{"iteration":1,"seed":"2lGIlHY1TTFgrXrncZgps8RC92mGKe6Wi3jB0WJ5LRs="},"senderSigningKey":{"public":"BRCYKtJ/1BeNIdN8Iy7f0NAfVMk7FdVgVTYbfgqgtw4L"},"senderMessageKeys":[]},{"senderKeyId":1383347958,"senderChainKey":{"iteration":10,"seed":"vuBSr37XCyNwWD6LgeOFVAxbh/YbSbTRr90KIZxamfI="},"senderSigningKey":{"public":"Bb4mmQIOKRQ/0lPjK87E/zWwWbb5OXIR2oE3fOi/TnV/"},"senderMessageKeys":[]},{"senderKeyId":1383347958,"senderChainKey":{"iteration":5,"seed":"IjVDdHjPFIvQ+SLt6M9z6nBjf0LncDRBZBNGEINe3Uw="},"senderSigningKey":{"public":"Bb4mmQIOKRQ/0lPjK87E/zWwWbb5OXIR2oE3fOi/TnV/"},"senderMessageKeys":[]},{"senderKeyId":1383347958,"senderChainKey":{"iteration":6,"seed":"bq8Nh+ebESOfmWkWAJXFRt4u9VzsZG9A+AUAvySG+TQ="},"senderSigningKey":{"public":"Bb4mmQIOKRQ/0lPjK87E/zWwWbb5OXIR2oE3fOi/TnV/"},"senderMessageKeys":[]},{"senderKeyId":1937234252,"senderChainKey":{"iteration":14,"seed":"efaUEnOMdnsWQ4DRu9aL7qQOAr8Tkc8fxt08aLhUH+Y="},"senderSigningKey":{"public":"BUQXsxNx4Lpiu8v6uB1PIlaqBepUvIo70FKm+ZZEVtIe"},"senderMessageKeys":[{},{},{},{},{},{}]},{"senderKeyId":1937234252,"senderChainKey":{"iteration":6,"seed":"oNqR0qcvB0+rTM78QIYA8B4udzM9C+QZC6bUFylr3Ko="},"senderSigningKey":{"public":"BUQXsxNx4Lpiu8v6uB1PIlaqBepUvIo70FKm+ZZEVtIe"},"senderMessageKeys":[]},{"senderKeyId":1937234252,"senderChainKey":{"iteration":9,"seed":"j6jiP1SOEKs8VPzsI3wL/n6wZwwT7xeA4sJIxjopbzM="},"senderSigningKey":{"public":"BUQXsxNx4Lpiu8v6uB1PIlaqBepUvIo70FKm+ZZEVtIe"},"senderMessageKeys":[]},{"senderKeyId":1937234252,"senderChainKey":{"iteration":12,"seed":"OGw+5v1TURAWBNkY5zIPaK001B4XsKEy5F8MQ1V7PBY="},"senderSigningKey":{"public":"BUQXsxNx4Lpiu8v6uB1PIlaqBepUvIo70FKm+ZZEVtIe"},"senderMessageKeys":[]},{"senderKeyId":1468849545,"senderChainKey":{"iteration":19,"seed":"kdv8qDfywubrExAcbblgAiPFuyBcXNHV1rD0Zv57ng8="},"senderSigningKey":{"public":"Bfg/xYcKf80B1C8GrrXPzrKUEOZ0JGTfprIVaVTIq9s4"},"senderMessageKeys":[{},{},{}]},{"senderKeyId":1468849545,"senderChainKey":{"iteration":17,"seed":"77yTHIs34KEsJ7CBU98zaACjXA0urXcLTi8tAAxdEsw="},"senderSigningKey":{"public":"Bfg/xYcKf80B1C8GrrXPzrKUEOZ0JGTfprIVaVTIq9s4"},"senderMessageKeys":[]},{"senderKeyId":792834499,"senderChainKey":{"iteration":7,"seed":"zgCoS+SU3BEe4w3f4x8jktYN7Vc9KXzM9Qh7mkEg1Dg="},"senderSigningKey":{"public":"BTr9UowMOfjgv0qtjUV/LH9nW4BQPUNnicfayqALIR94"},"senderMessageKeys":[]},{"senderKeyId":1026343862,"senderChainKey":{"iteration":1,"seed":"d+uUSrwuH9dOfwTn9RsqocIDVaSJt6tk4ODCwS1EZUA="},"senderSigningKey":{"public":"BWeg42HfKLDz84uGNFahV7AQzd252nBe+zFpoVQcNY0T"},"senderMessageKeys":[]},{"senderKeyId":305421670,"senderChainKey":{"iteration":10,"seed":"B514IllXSI5wixuFquCyVV7bsaiXKgamU12/+uo8vbc="},"senderSigningKey":{"public":"BbrjXR2RrUFbDKhbhCGP1SRbGJ/4xqjEkMRzjYASpQQR"},"senderMessageKeys":[]},{"senderKeyId":305421670,"senderChainKey":{"iteration":9,"seed":"8ZYTSzC3KyrHizUO9EnWeVK+kVilT7ME1WGWaIUm5cw="},"senderSigningKey":{"public":"BbrjXR2RrUFbDKhbhCGP1SRbGJ/4xqjEkMRzjYASpQQR"},"senderMessageKeys":[]},{"senderKeyId":60473979,"senderChainKey":{"iteration":5,"seed":"PeFrE7f9nDC08oSsDT9czm+NqcUXGupMqsYVdtLN58A="},"senderSigningKey":{"public":"BTG/pjDahckiNJpstzSioeuv9Z6FsLCC0kafXnMhXb13"},"senderMessageKeys":[]},{"senderKeyId":305177611,"senderChainKey":{"iteration":24,"seed":"yUoC2Z/Qn9+zh/QmWiht/uEaRVwRS/4rpDOqLKHDQh0="},"senderSigningKey":{"public":"BZQrzi2U13loE5R9Blp9dN62+xIunlFj66CruACU9vlP"},"senderMessageKeys":[]},{"senderKeyId":305177611,"senderChainKey":{"iteration":10,"seed":"a1n1JNMROSbxHw3NFCj/t8hDvSsGYImo3rmBgbAK7m8="},"senderSigningKey":{"public":"BZQrzi2U13loE5R9Blp9dN62+xIunlFj66CruACU9vlP"},"senderMessageKeys":[]}]