[{"senderKeyId":1435980114,"senderChainKey":{"iteration":2,"seed":"S2c0hWdEiAriRRexDL+DGP7wC56IzNVkAWE2SUkMJnc="},"senderSigningKey":{"public":"BTWIoZC9jdwFDanMawiVnyNYxC8Q9U/dQG5YZUkAtEd3"},"senderMessageKeys":[]},{"senderKeyId":693780229,"senderChainKey":{"iteration":0,"seed":"c84sfaUcvGzjBzMqD4ij64iHBb6W21goIyiSrHFHnGk="},"senderSigningKey":{"public":"BYbaEWcBjZiCndaks0bghB5i+6hUC6LOtBTddyv7Nzpq"},"senderMessageKeys":[]},{"senderKeyId":500841157,"senderChainKey":{"iteration":8,"seed":"kuT5F25ZqYzOzCgaz05YunkhgVGCiIBViWaY4RqCWMs="},"senderSigningKey":{"public":"BSKa/zaxDsf/WhUStZSx/tGZ7Su6iTzBjIevPmmeFC9d"},"senderMessageKeys":[{},{}]}]