[{"senderKeyId":416334832,"senderChainKey":{"iteration":0,"seed":"pojWtkxiGXnHjkmnRuQxK+dNxqHlvSgSNLRI9qCXg+4="},"senderSigningKey":{"public":"Bel4/dVF+TYKJyV7AchLTK+Vj97cfjzbFGuCA4rYQA8j"},"senderMessageKeys":[]},{"senderKeyId":84285534,"senderChainKey":{"iteration":2,"seed":"4nzsVmjAAnh93WlmzUoFmfBaGYYkAFp6c43zDKtBU3M="},"senderSigningKey":{"public":"Bbg0N5VXYiqXRJoVrwZPiCdtBIClFjrVkXjy6J9KBk5h"},"senderMessageKeys":[]},{"senderKeyId":943806182,"senderChainKey":{"iteration":1,"seed":"cLqeR+zO9kyAmVyI6YfWBJdXHuITU5lkU2xs+mciCjA="},"senderSigningKey":{"public":"BcwfdO2rMCqs5dIOSyWEryU6el02F623P7GdedpqCBMc"}}]