[{"senderKeyId":1720733505,"senderChainKey":{"iteration":1,"seed":"Af3UO/9czFs/udmztMCuJYgc8sVpd1fCIuP1/6ICc7w="},"senderSigningKey":{"public":"BalGZlxSzLmXiXw7Wc/EqhAgU/LtyOMb/Qa0HX2Y42Ff"},"senderMessageKeys":[]},{"senderKeyId":1294786395,"senderChainKey":{"iteration":1,"seed":"cBvgXUrBIMW3UA3ulIKzjbLtQ/qjchByRWycGGCbVMA="},"senderSigningKey":{"public":"BaFzLSIQ/LlzEUETrZ0jO0irFoAwF1TOzl6dlIlaVNJy"},"senderMessageKeys":[]},{"senderKeyId":1492733446,"senderChainKey":{"iteration":2,"seed":"IllD/XmLL6nqL8Tg9pKSqH5YF06pwStedSI/qfWxhPI="},"senderSigningKey":{"public":"BQC1UMdLQanpsZrsisYnCV/w7Z/t1CzS8Geljkru2NBp"},"senderMessageKeys":[]}]