{"_sessions":{"BcGBRCPACDafMUvAU+lQb4jHRGLLDCVtZdUnKhO/EDAv":{"registrationId":1372359234,"currentRatchet":{"ephemeralKeyPair":{"pubKey":"BdWwKL5rP05adV9jZY0eHz8S8kI+6mH8AYdBLOIGiPIM","privKey":"EOOpQ+Jp5+1aujcITInwJlRu0p+oBzcJwTTyhbEQh04="},"lastRemoteEphemeralKey":"BTPqwA7oagypQVhOVXnsTCuz1p86NuIWdJpnrGTREFM/","previousCounter":0,"rootKey":"0hLRwOn6g0E7wLwBLAZkOvQ4qo599KIbEPtK+xMu3h0="},"indexInfo":{"baseKey":"BcGBRCPACDafMUvAU+lQb4jHRGLLDCVtZdUnKhO/EDAv","baseKeyType":2,"closed":-1,"used":1694518773920,"created":1694518773920,"remoteIdentityKey":"Bfwn/hn2pukthDycZmldCx9wvMCtAvI3edRWnHHt6u1Y"},"_chains":{"BTPqwA7oagypQVhOVXnsTCuz1p86NuIWdJpnrGTREFM/":{"chainKey":{"counter":4,"key":"eRyjzEFkINNXm3Ih5GRvMP99pbD3NRIJkPx67fJcnD0="},"chainType":2,"messageKeys":{}},"BdWwKL5rP05adV9jZY0eHz8S8kI+6mH8AYdBLOIGiPIM":{"chainKey":{"counter":-1,"key":"IqOqhzVvmwItoHk3acShH46TJOkq7f1BsLIaQ14AYgg="},"chainType":1,"messageKeys":{}}}}},"version":"v1"}