{"_sessions":{"BTOSHhw9Si8GZ08wIfYGiXcHhSJl576oPsLoMrTEq388":{"registrationId":1936175304,"currentRatchet":{"ephemeralKeyPair":{"pubKey":"BUVg7VRxDTsIMrC5cYB2UvJTb++NM3ztKPLn1mcephId","privKey":"YAp8/Lw07AcPZ/pOboNdK0G4J4ZWgcMB8ihK0tt3JUs="},"lastRemoteEphemeralKey":"BXRwlq1EGjZ2e5UQUugt4vxcsGmuCUAwRjJT1Nw2fS9Y","previousCounter":0,"rootKey":"Myn0edIRxUZJtljvigQWbTi3BSNRj36dqkzwt+tIDlA="},"indexInfo":{"baseKey":"BTOSHhw9Si8GZ08wIfYGiXcHhSJl576oPsLoMrTEq388","baseKeyType":2,"closed":-1,"used":1694590336037,"created":1694590336037,"remoteIdentityKey":"BceUhrnFjE9mA0r5j7Pgycid52iBjJZUX3uc0FN8TlMF"},"_chains":{"BXRwlq1EGjZ2e5UQUugt4vxcsGmuCUAwRjJT1Nw2fS9Y":{"chainKey":{"counter":1,"key":"AmxMt0MHTMkAil+t2emYsjIhHQSAxtwcU9H1p9fu77c="},"chainType":2,"messageKeys":{"0":"Xi0uRYhWM6ik/YLpHfcaYS1JbWvSbCHJoqnCTvjwp2M="}},"BUVg7VRxDTsIMrC5cYB2UvJTb++NM3ztKPLn1mcephId":{"chainKey":{"counter":-1,"key":"VG0FiaARr76gILDk5YL2XG92ldjvC+r30RsK23a8pPw="},"chainType":1,"messageKeys":{}}}}},"version":"v1"}