{"_sessions":{"BRbueKAYQdnTJOmpVkrTDISU0iAncRgrRKYo+XT4sgNs":{"registrationId":2030237684,"currentRatchet":{"ephemeralKeyPair":{"pubKey":"BeUVoXREuMHOZHaSNa+zlUVBiiE1vaU5SpitA2KbS8hD","privKey":"4CImPhTVC5YNQUUXiyTzjfgFDGUvjo/xG0oiLEnKh28="},"lastRemoteEphemeralKey":"BUCkgWHIENyoqIiX1clejsdjgEntoNCURkS8XVT+6uQx","previousCounter":0,"rootKey":"FymyVTEUadrBYK+qo2oltdiBYiVDCpzVKx7YKcfYsek="},"indexInfo":{"baseKey":"BRbueKAYQdnTJOmpVkrTDISU0iAncRgrRKYo+XT4sgNs","baseKeyType":2,"closed":-1,"used":1694515781431,"created":1694515781431,"remoteIdentityKey":"BbcZpBPj3nRt9UJAKYVKnMl5Ujy7SqHOaL5WR2queJZ0"},"_chains":{"BUCkgWHIENyoqIiX1clejsdjgEntoNCURkS8XVT+6uQx":{"chainKey":{"counter":4,"key":"/gzuP0HwKhVAhT8GBymTtZdixdqkHIeiZluRPLW4V8Y="},"chainType":2,"messageKeys":{"1":"7TAoIhNxA+cEwBDZ9mPdQABErs4R1QIrRMjBbJ7R97M=","3":"2Kkr9TtZdc41dLFXwDNUXlvbJsDYWh7IW/hkCRpvPRw="}},"BeUVoXREuMHOZHaSNa+zlUVBiiE1vaU5SpitA2KbS8hD":{"chainKey":{"counter":-1,"key":"0cd4kQGZHj4GksjaMgssGg6GhTHCi+PCqovTIvd6EPA="},"chainType":1,"messageKeys":{}}}}},"version":"v1"}