{"_sessions":{"BcY2kBo4TjKNB0AEs+NUTKTuxMHFvDEvfn1UK2p8kPUc":{"registrationId":219,"currentRatchet":{"ephemeralKeyPair":{"pubKey":"BYiJgHFBcUWV2kCSNYSVfC315npKckyFMcgZ+flKlZYS","privKey":"SCTdVR65+o9BaRHB2WgZx14/Gvr5mPDH4lrKg3Asbl4="},"lastRemoteEphemeralKey":"BaFknjx8nIHF+qDg+ZWlW11KBjI0M+MQYr1qyBj5qRVp","previousCounter":0,"rootKey":"ybsWjdrt61G1DW/7Rnf0Smq6nISFfapYphxR9Pj9mFI="},"indexInfo":{"baseKey":"BcY2kBo4TjKNB0AEs+NUTKTuxMHFvDEvfn1UK2p8kPUc","baseKeyType":1,"closed":-1,"used":1694501155818,"created":1694501155818,"remoteIdentityKey":"BUfg4kGPLX1r2xVlqOLf2TG0MDrh1t5vASPEq17lT5hi"},"_chains":{"BYiJgHFBcUWV2kCSNYSVfC315npKckyFMcgZ+flKlZYS":{"chainKey":{"counter":169,"key":"ZqKSvoqlUjeBLRYAUn7txttnLi369I8WUYJjbexc96s="},"chainType":1,"messageKeys":{}}},"pendingPreKey":{"signedKeyId":1,"baseKey":"BcY2kBo4TjKNB0AEs+NUTKTuxMHFvDEvfn1UK2p8kPUc"}}},"version":"v1"}