{"_sessions":{"BUTtHVHtS3WQw7fc5D0eiK5Cf6GJpRnq0z2f8gIo3bNF":{"registrationId":1336442235,"currentRatchet":{"ephemeralKeyPair":{"pubKey":"BYeK4V2WSxDnzBNoICCOy97UZ+HvcGtPzDuRmsR9p48A","privKey":"SNrba8ljx4Ybh0Om4CnoWxfPtQqfQA6mlosTVTc2pXY="},"lastRemoteEphemeralKey":"BTqad+VJDfDj1hAqjWsGqvTg4m0a2X8LJa2WqQ2Wwt5C","previousCounter":0,"rootKey":"R4kX7yYFjRvtzRl4EteVW+WisboN3g0m+bvSyGGgvGs="},"indexInfo":{"baseKey":"BUTtHVHtS3WQw7fc5D0eiK5Cf6GJpRnq0z2f8gIo3bNF","baseKeyType":2,"closed":-1,"used":1694752174131,"created":1694752174131,"remoteIdentityKey":"BdXECFkXzIyoT1j3iFL2ACtRob4m2MAS2pUbswJ1UKEd"},"_chains":{"BTqad+VJDfDj1hAqjWsGqvTg4m0a2X8LJa2WqQ2Wwt5C":{"chainKey":{"counter":8,"key":"jiLHerhAK5ZL7CtY95GCWdIheq7y0Xi1DyYwCAwa0fg="},"chainType":2,"messageKeys":{"0":"ifrmFU5qnTsriO+pRHDGyfjuH+q2zkBoyve7hZMF2sE=","1":"67PUkh24jOceRZQzKiQHCaJ5LBOHvPUXFwOyOOktrZ0=","2":"LC+3XKPPvfLOaNGt1q7QKmetAS6wT7BeyF9zPMPB8l4=","3":"Gfl9SB3A3aOtHFjyLduoc34dvrZK6j9t+tOTiA3xxR8=","5":"9hDiQk5O4UbosMokVPowW14u2fdpXQcyI6ZTzH8hdpo=","7":"1YK9FrvGK/xPhXJj3zLMt3vNTe6KwmvMWZXqWPXA/SM="}},"BYeK4V2WSxDnzBNoICCOy97UZ+HvcGtPzDuRmsR9p48A":{"chainKey":{"counter":-1,"key":"zXXXbEnl3DPPLdzHxZo7n5Iny3Kb6W8I8ljbRiciL1E="},"chainType":1,"messageKeys":{}}}}},"version":"v1"}