{"_sessions":{"BTLro57klzq+TIfgSZRQvivQolv8D1TRbB7e2ucbaM4B":{"registrationId":544673456,"currentRatchet":{"ephemeralKeyPair":{"pubKey":"BZjdPFSHLuvQgZ55+j86t2sryDGUTJIrmlyclx0VsvIL","privKey":"sLFgigNlNeS+4hDEOPkseR2kQjRUVML2fITHTwx3kVE="},"lastRemoteEphemeralKey":"BUcZAC9/hL/W1EW3tWS81mSRSMH7IBpzYetTUcTUqwFB","previousCounter":0,"rootKey":"51hVAGYdMMJ5LPl0bu+m6NkxDrIbzhk8VYx34w7ouVU="},"indexInfo":{"baseKey":"BTLro57klzq+TIfgSZRQvivQolv8D1TRbB7e2ucbaM4B","baseKeyType":2,"closed":-1,"used":1694515781145,"created":1694515781145,"remoteIdentityKey":"BRjtDs44dpm7WLBVVt4p84vE3Juj5Rr1rqmw8FyQZ2Ux"},"_chains":{"BUcZAC9/hL/W1EW3tWS81mSRSMH7IBpzYetTUcTUqwFB":{"chainKey":{"counter":22,"key":"5Z7QMbTg06RN+iBDxUDUnaPteBTgd8Nq0MZ+Q7aCavA="},"chainType":2,"messageKeys":{"1":"oSMQ/Z7gWAWmwzHLnuk7WaEDoLnLgzm7xLpSvoQH+J0=","2":"wtkLFudVkjqoEzgXrAEd4nxnn9QnH+RtlrkXWdrCL7w=","5":"GYjdBpiod3e7LW4o5OM+1O/fn51G/AikH6n5QpYwG1w=","6":"r+c/bT+W9rbf7PtYN+OpDKjQSgVR6ttQVs3PgHrTyJo=","7":"Oaehc3V3P0DpoXVnk78gyT80/5uDXd6uofwVdI2jkWM=","8":"d0rk2+sXhLfHMP3t724HH3Er5B7/Wp/qJ/xHDHllhYQ=","9":"OHk/Xin7Og8meFGOdSZ7hdOmz+za3oOH0x+RCvJDCjk=","10":"mIPePRTVuCEao1WJdm1AQH4UFQmrzI8wXQim+jJLRkg=","11":"s1wGU6XDHpFMb/iIxO+Kz8+fK72L2gdIofSpzmHWfcA=","12":"0el9clYpNCwvkebrD1ZofaG0guLGn9lAuODNa5fTgX4=","13":"odpNmYroGi+STjL3u/6JAltogiSREGYFebS05Uy1aVM=","14":"Rd4+r69T39YtKV87unPP1tDteKpo9l9vZiT3FBnliK4=","15":"PDj3pXf00bCd/fsQWipcmQSnemTJsh74NRc6HSOjDsc=","16":"mmuigTrEA1l1sL5sIeOP2DkHtyU9zXYnN/qxZ7AuiD8=","17":"y2nfDYD04wjOJ554DFY8MUO0jGSU87sRsYVJaBp9akM=","18":"0TAD3nh2Sz8QT0K1xJ44QQw6w94TiWXoGn4nBwhENc0=","19":"f2qCVXDB/OWEG5IBNaHX4OMScp9Gyp9CAFiRyuTtQdA=","20":"WrmfgQ9jCieH9rtWrMi0kJ7FMiaJ/OPCVkS8yuWfdvM=","21":"bwPIjDwJl1f/Za/t4gZV/vk85wSJcfkrQvPYHc/5BNA="}},"BZjdPFSHLuvQgZ55+j86t2sryDGUTJIrmlyclx0VsvIL":{"chainKey":{"counter":-1,"key":"wVsGVIHQ5njz8tPN07K24GbHxYt8fOSKEh+82acmw5w="},"chainType":1,"messageKeys":{}}}}},"version":"v1"}