{"_sessions":{"BR+KbJmA/ptHLAZpXtpzg105K2nZlWguAC0L/+pPntos":{"registrationId":232137605,"currentRatchet":{"ephemeralKeyPair":{"pubKey":"BaI4d++5/rwCGJ8s9VExy/Nx1kcdM30NgWZp8CiFjOsf","privKey":"wCV/cHa35SdI5B4pXpjMRY/dtHomJMQeVhWE0t0BQU8="},"lastRemoteEphemeralKey":"BT31F9hLnfWfa+RXoo8GHPyPGIzPEbMBv5CWtg5eamMR","previousCounter":0,"rootKey":"IVvvYk+dgPq+VHED1dxw5Gqz7MCERmuOdTuBsTQCSMY="},"indexInfo":{"baseKey":"BR+KbJmA/ptHLAZpXtpzg105K2nZlWguAC0L/+pPntos","baseKeyType":2,"closed":1696233990719,"used":1694516608467,"created":1694516608467,"remoteIdentityKey":"BTxRos1XBJb8G36bKAEKNdmlt9QsbB67R7YfQ/G/exM2"},"_chains":{"BT31F9hLnfWfa+RXoo8GHPyPGIzPEbMBv5CWtg5eamMR":{"chainKey":{"counter":5,"key":"0FTrTUBXZ0UschBVBVhngVg3a20Mfo80+YeCfZaoH3w="},"chainType":2,"messageKeys":{}},"BaI4d++5/rwCGJ8s9VExy/Nx1kcdM30NgWZp8CiFjOsf":{"chainKey":{"counter":-1,"key":"ZHS++PC2VNjlnTyCrzqveaMpCHIIpOIMQnUyECVlRaE="},"chainType":1,"messageKeys":{}}}},"BbPqrAwRPkzZqDNCk3yxrD08exjdz40nVhg0sRayH0cx":{"registrationId":1866182051,"currentRatchet":{"ephemeralKeyPair":{"pubKey":"Bc6vfanwacbk8hll5de9ps38V4lQKtKGNK0adjA+bAYx","privKey":"+Gl5PY9uhgH1ziAxdztJIB4ijywxI7Qr7/FBMwmDJX4="},"lastRemoteEphemeralKey":"BS1IK6C6ZLmnh6KY6GgU+d2zSUFM7WewljphNeWENR9a","previousCounter":0,"rootKey":"e9i7fXvD6eNg9enAgOjUnhwQowABWxHXXZlzkO16e4w="},"indexInfo":{"baseKey":"BbPqrAwRPkzZqDNCk3yxrD08exjdz40nVhg0sRayH0cx","baseKeyType":2,"closed":-1,"used":1696233990720,"created":1696233990720,"remoteIdentityKey":"BVfc/OUM+poIhG2m6gMHpQJcnJ6oPa0pxfKr7LulDgYG"},"_chains":{"BS1IK6C6ZLmnh6KY6GgU+d2zSUFM7WewljphNeWENR9a":{"chainKey":{"counter":0,"key":"gRUL364M3+EI+JKzkOk0JkCqHsJlM+j70UjPPO1XTW0="},"chainType":2,"messageKeys":{}},"Bc6vfanwacbk8hll5de9ps38V4lQKtKGNK0adjA+bAYx":{"chainKey":{"counter":-1,"key":"10vaCgI7qa2b5JLQA11G+zpRSd2ARI4BazC8qC+Lspk="},"chainType":1,"messageKeys":{}}}}},"version":"v1"}