{"_sessions":{"BZSysxZANZyb6WoWatRvoQKPprXJe6sTs9Cu+htQ5uoH":{"registrationId":673562472,"currentRatchet":{"ephemeralKeyPair":{"pubKey":"Bfz5sZcCmvIf3vdFs26pQhj0aNRlw+rprOhfMc5rTQ8I","privKey":"GDJ6bXt2PQsb+p2O5WkOHILzVR5LiixKSHVDW++V7WI="},"lastRemoteEphemeralKey":"BRZm182qPgql4n/TknxJj6ZUKyD2iPb5uGsRVEQar8F5","previousCounter":0,"rootKey":"7aWvEjvRVU8bq3k1Wsdstj980emxtULQ0pnBMyfjgE8="},"indexInfo":{"baseKey":"BZSysxZANZyb6WoWatRvoQKPprXJe6sTs9Cu+htQ5uoH","baseKeyType":2,"closed":-1,"used":1694521083449,"created":1694521083449,"remoteIdentityKey":"BQUS+v/hNUSd4L7nklfyayUOj99RQMptYC5Igq+dJWE8"},"_chains":{"BRZm182qPgql4n/TknxJj6ZUKyD2iPb5uGsRVEQar8F5":{"chainKey":{"counter":31,"key":"sC75z+G79QemSD4thrOcywjCO67P18XABpi98ToRrCY="},"chainType":2,"messageKeys":{"8":"BsLO1LMVtsVy4zyF7fdCOzP1L9ewHVQZGHYTY1kof+s=","9":"CzqgOuSsc4h4ldn98ST0ReaQuUGTsHdth6Pt2UadbGg=","10":"cUww5CbRnXwcCiuFGpc//KLu8qycEQPv6rswk4knYKY=","11":"M5YFU4osTx8KFvV9fxGN1jWnsVfLLzDfjcpdpeL04vQ=","12":"VqxwNW4p0a6xZYGgN1uov7AleH6tECBuR0iFbPiqkqY=","13":"tBQ0Ao68Unj4IHLANANS9cMQJeB2G2JEhAlQCUWb93Y=","14":"veioN5AsdXrMz+JY+iuhPlBGkm0MFnVqKSDNgYkwdBk=","15":"LvvtiN/3cTrcJNShkkYOBFBhyNAgcxs8TRhsmx0R6/4=","16":"ouVuo0C7fRK0dYa/627qihfeMak3CYFNn2HBBNRgZQc=","17":"DovEiJqm50vZoqzgW5nnKIF856J8gzYsmJZWalOrZVg=","18":"JKvsbiM+mHuNFVrESjYADj47a6DdXX0KeR9nGmJH+m4=","19":"uM32gtyumwB00ocEYgELorVNtiFw0bpNUEK7Ymo1D6A=","20":"/eNjlnUXSuocxavUevTp3CUzbTdGEmJaOJOLVGkEpeA=","21":"ypOz36OBJOBrhoyIcPrZ60HuGzR0o8BgbAuUVLwQM5U=","22":"4a0jSoHHvRDyf8VUReXVWPxKSsbFX1o0zMb3H8VtWpU=","23":"sWPYeSD/QosA47Bnhe6HKXkcnnJQ6ekXViI49etzsow=","24":"wD1j5NDeSpGLIRHQRZaJGbyRt6tZCuXsvillAd8VTg8=","25":"wbho1tRGkBqS1y/+Ggm0b3TyrHgwyfYZh3qH6iwbg1Y=","26":"AAMATgH1scymFc3RTgLmsbMpB8Xc+b2IraYh2Upx7Xg=","27":"6BY4UUQWsVpspIYbAITDfE3PvnXhsbs+ITT5qoV/bTs=","28":"hx2RFc9kO42CkNbHGVRgxQKcVMclatrYzSRXpUvR/Qg="}},"Bfz5sZcCmvIf3vdFs26pQhj0aNRlw+rprOhfMc5rTQ8I":{"chainKey":{"counter":-1,"key":"QUKKdOdETB7vZVAqLO6GfSwIdF/QeKp887dYGXU4x4U="},"chainType":1,"messageKeys":{}}}}},"version":"v1"}