{"_sessions":{"BfcbppkI4I/KJevBjrphg4D/f05HFq7HSptKiw0zPxhw":{"registrationId":1177970605,"currentRatchet":{"ephemeralKeyPair":{"pubKey":"Bc6/ZzRIhhf61fFcB/6hUIlkXwnyoIBfwnyqnVrqlC8y","privKey":"KDhh31kLVK4N+8dxMBiQiUChNadsReXPsM+TBXfXfG0="},"lastRemoteEphemeralKey":"BTbSfqlhVAmsoncvOy4ryfTxvsiCSD5JVu3ZeidkAzgi","previousCounter":0,"rootKey":"K4gxXgiUWAHSgHXR8Av8HbQTdDqiwjFTIi/CmHDs2Oc="},"indexInfo":{"baseKey":"BfcbppkI4I/KJevBjrphg4D/f05HFq7HSptKiw0zPxhw","baseKeyType":2,"closed":-1,"used":1696233975266,"created":1696233975266,"remoteIdentityKey":"BQdBNUGaz/iHN8vBbwvLDi8YKEzEO3SEl9lq7oUBhpBu"},"_chains":{"BTbSfqlhVAmsoncvOy4ryfTxvsiCSD5JVu3ZeidkAzgi":{"chainKey":{"counter":11,"key":"e+oy3dhXsaocEhoZcrSCS4WCNd8a241DvCo8+sE36XQ="},"chainType":2,"messageKeys":{"0":"a/1ee0dpxJHnx94ZP0ndrJ2kJMPbIdjXWEoqmwv0M/s=","1":"7cv0NmPufXrkZbLXMNzltP70fEft/k7y+gzSm/bDDdA=","2":"0v5odoYcJkSLKF2zuhewwRke/tna7O+Wb1cO6jXamQ4=","3":"OkgokrFCCbNhjGS4aPNydhzpoHq7qVXPtaUlBbqsW4M=","4":"dBgs5lrUCZZJhEFSdvUOU6FO/41ddSW3RyckKtu5EiY=","5":"oF8YjSRWEmjHHwmGziMNZMSCEg23HQbkNIxKvHsvs8A=","6":"Hc1prXZQsZWoi8GOzjFoPQK3qBTULbFDsMuBp0NAMp8=","7":"IyRlHMDQk6wnYTXBpmJ2rt5cUXMJkw3/LqjO2dZs+aE=","8":"GCxbEJrR54P+ghJN+345QZEelWFHDRJDytoZyQncTlg=","9":"AZbPJP491Gws3fDxXbuczQLgSvZxgtlC+f5DbZlh7Zk="}},"Bc6/ZzRIhhf61fFcB/6hUIlkXwnyoIBfwnyqnVrqlC8y":{"chainKey":{"counter":-1,"key":"0SeRl1bHpdgywkiuPqsVazZpNWnXKBGE9OBP5XfFUT4="},"chainType":1,"messageKeys":{}}}}},"version":"v1"}