{"_sessions":{"BQtoQ56rRqXmmCJJ5HURUZW1b2A4wrAP+rqckjiwFT07":{"registrationId":48667004,"currentRatchet":{"ephemeralKeyPair":{"pubKey":"BXYj1Tw5Ay5fJo2BzHam3WQ2a/pW/hjWJokUD4stEpAF","privKey":"UFG7O/sm28LTe5/kaRERQNmoh9m2iOI+M078BVkC6m0="},"lastRemoteEphemeralKey":"BSkwYgxf7ErgOP5jW976sGAKcjujFDEXPD9F+LIELQNX","previousCounter":0,"rootKey":"9mSEui1fRgPnVbKktzjoFsteo8SHPr3XRrCz0j0XLbU="},"indexInfo":{"baseKey":"BQtoQ56rRqXmmCJJ5HURUZW1b2A4wrAP+rqckjiwFT07","baseKeyType":2,"closed":-1,"used":1694771493481,"created":1694516168433,"remoteIdentityKey":"BbnGtSHy9vfAgDxjNQycL2Omk3VNUIQkAhADXdn7CA0e"},"_chains":{"BUTqQ2nhbjdaQxJuQufE0GpOjW3d/aZsrt5o9Mlx9aQU":{"chainKey":{"counter":1},"chainType":2,"messageKeys":{}},"BcAyTLlgjI7PwC8F8OKYL2l/IW7a9ylu0DEcLQLqTr0D":{"chainKey":{"counter":0},"chainType":2,"messageKeys":{}},"BbH+nouO1qz+bvPJMF5ze7tw7gM4Ns31mJmytlEOIXAo":{"chainKey":{"counter":1},"chainType":2,"messageKeys":{}},"BdJ08aanqR5m+rz1xyHx/Y4oZU9Y5FWr9/D9ag3oGRVW":{"chainKey":{"counter":0},"chainType":2,"messageKeys":{}},"BQuvy8ALIplvFYOysIaVGbWiEb9zLFif2Q02b2Bnm/x9":{"chainKey":{"counter":2},"chainType":2,"messageKeys":{}},"BXZJ2twH/3VFpeDucwnctoqzvf1teyoIyG8+7pmN81Ik":{"chainKey":{"counter":0},"chainType":2,"messageKeys":{}},"BTnTO/BBgSAmO8CGqaBS1ewcFWjjzHicAvWAg/In9V9l":{"chainKey":{"counter":0},"chainType":2,"messageKeys":{}},"BTdqrqFTlku8/cgyqFpDY04IjqHxHlMfOpYV3PlqGSlr":{"chainKey":{"counter":3},"chainType":2,"messageKeys":{"1":"juNAij0gVhjTlSuNfK4rIPAp4xoSXcoISMVvW7CVhqM="}},"BQ5sd+tozNNdWUjfvTmLAZCQ2UYtSUtBCy2OusR4xj1B":{"chainKey":{"counter":0},"chainType":2,"messageKeys":{}},"BXccfNIH8RwDWEa0V2IQl7z9NOopgAZXaYOtIy8lSlg+":{"chainKey":{"counter":1},"chainType":2,"messageKeys":{}},"BbKoMWYAWOn/EPti+9AHW43QiyhG3f5OK3f+Ntgc6Co9":{"chainKey":{"counter":0},"chainType":2,"messageKeys":{}},"BRbopK87LFacAfY4s72WI/gNJ6rOPvYYuz/tVKDWpYdf":{"chainKey":{"counter":0},"chainType":2,"messageKeys":{}},"BSkwYgxf7ErgOP5jW976sGAKcjujFDEXPD9F+LIELQNX":{"chainKey":{"counter":1,"key":"ZXtxVGPloqxOSbOHnhfxyCALMuWK3GRCJ2FVj9RxGuA="},"chainType":2,"messageKeys":{}},"BXYj1Tw5Ay5fJo2BzHam3WQ2a/pW/hjWJokUD4stEpAF":{"chainKey":{"counter":0,"key":"T85gzWQYYmyTLxeSdPu2ZADRHbJpHXoJtp/Nvx+8TrY="},"chainType":1,"messageKeys":{}}}}},"version":"v1"}