{"_sessions":{"BTsT3tvAhL58W1JEkEoasI030Ebkl47whODqO9NLsld1":{"registrationId":12643,"currentRatchet":{"ephemeralKeyPair":{"pubKey":"BWHnYIWx6QPQ7/LFSGdPOb39Q2V5tKXs1HpQY2hxkY1g","privKey":"yBNpEZaKVLAhixiXH/8kKMJR/GH38dE5lxQxHGYEkkg="},"lastRemoteEphemeralKey":"Bej8jDQ+499XDWQ5lDpm9y4mWzlVrmXXOv6EBr5EftM5","previousCounter":0,"rootKey":"I51/24assBMd9u1IdpOX1uI7E19T0x61camp92i0+Bs="},"indexInfo":{"baseKey":"BTsT3tvAhL58W1JEkEoasI030Ebkl47whODqO9NLsld1","baseKeyType":1,"closed":-1,"used":1696233989842,"created":1696233989842,"remoteIdentityKey":"BWEfIUkXVQKW6jkw2uNQLifgu+VqqwGJsLcGiI0Wl/0v"},"_chains":{"BWHnYIWx6QPQ7/LFSGdPOb39Q2V5tKXs1HpQY2hxkY1g":{"chainKey":{"counter":3,"key":"GcUuDSJuajovRh/jz5fuGrI2vW/l/b8IIMB4x09HqbE="},"chainType":1,"messageKeys":{}}},"pendingPreKey":{"signedKeyId":1,"baseKey":"BTsT3tvAhL58W1JEkEoasI030Ebkl47whODqO9NLsld1","preKeyId":1425}}},"version":"v1"}