{"_sessions":{"BRf3VfWjZ0e5HWIVMzosZkcMbsEffB/bGfyix/pn0Rxy":{"registrationId":954712043,"currentRatchet":{"ephemeralKeyPair":{"pubKey":"BawUBc0tw2EooRYb0fIOZDxkElG35BenCxfT6+Pl7zJO","privKey":"qE+u7/tQTzIq07PJEDfa55vgLM4rF/1bjkNtgihcNXM="},"lastRemoteEphemeralKey":"BTUeCx4Z9xQoK716Hu9GX4noxTUyNRrOalho03KHDnMC","previousCounter":0,"rootKey":"Gv9bv8a4rrSjfJpxgrwEQN4htEwb4NjADvRMA9Ipqsg="},"indexInfo":{"baseKey":"BRf3VfWjZ0e5HWIVMzosZkcMbsEffB/bGfyix/pn0Rxy","baseKeyType":2,"closed":-1,"used":1694578149520,"created":1694578149520,"remoteIdentityKey":"BQv0GpIgdWELy0qcIbh4rO+HC2EAO5NrtO/Q4z14gkok"},"_chains":{"BTUeCx4Z9xQoK716Hu9GX4noxTUyNRrOalho03KHDnMC":{"chainKey":{"counter":12,"key":"gJLAkElCl7y3StbOmPo9rnVqlFWEyTa1iKdsf1UBdeM="},"chainType":2,"messageKeys":{"0":"z/KSP3mH/3cL4nL/Lm/cFoVi4ar3Die0FFXiC1lIN6w=","4":"JLpXf8XkRMUcWuYE2GDi+St2iPAIqkcPwKk2DYmWXpU=","5":"K80nXvW8WK8srZCZEm9zg9nu6ZcOn4HvwH9akz6/lCc=","6":"Wc62+tsVYXRv6d/CWlg/onqRdJyhCJ5aX+q53vv8HDs=","7":"s4m9F5gjJw0AOlOyE8dkJYouX6YVVr8Sw2MPlzp14xs=","8":"ByrGFwARmPANwJVpgX35qxueiM6GR5PMz4t/BSaLoV4=","9":"o83F1hLXHJrpmm3jwkO6f8ezLa67C4VmnyXfKs7QPaQ=","10":"QCVhZFHzyx00nNeKIujzlsS/gvgYDFB/sZ8vgpINTTs="}},"BawUBc0tw2EooRYb0fIOZDxkElG35BenCxfT6+Pl7zJO":{"chainKey":{"counter":-1,"key":"IaIJ6VTpMJWUhuEutzJIEXEJ9sTT6SIEC8J0NHS0iCA="},"chainType":1,"messageKeys":{}}}}},"version":"v1"}