{"_sessions":{"BQ1jLDEGEGIXAOxIK0UjfHh3LB89+5DBWiPyyHBFJzId":{"registrationId":5083,"currentRatchet":{"ephemeralKeyPair":{"pubKey":"BW2plVUEvvXn2WDIMs4G3CNeoTEmU/HgYsO69skuhmRh","privKey":"ELQociuoAwLtqqLZi8dd9BGJ62kGCZ6Hy/v03MUYZnI="},"lastRemoteEphemeralKey":"Bcz+L4s7P/CZrXOVd3x32O6x79n6ltbgv3gS324qZLAx","previousCounter":0,"rootKey":"wKvfJsbsHIos9GEe/JvgkTC4wQx3bsgR4GmZ+T7+cdA="},"indexInfo":{"baseKey":"BQ1jLDEGEGIXAOxIK0UjfHh3LB89+5DBWiPyyHBFJzId","baseKeyType":1,"closed":-1,"used":1696234056263,"created":1696234056263,"remoteIdentityKey":"BYh1cZIST72Qmx1Fo1nIyudP7zYS7ouqHdweSbyOZXId"},"_chains":{"BW2plVUEvvXn2WDIMs4G3CNeoTEmU/HgYsO69skuhmRh":{"chainKey":{"counter":0,"key":"ijABhJH+a6v1/SykZvyI6O3h1K5v3ZFwyWVOH7qvNOs="},"chainType":1,"messageKeys":{}}},"pendingPreKey":{"signedKeyId":1,"baseKey":"BQ1jLDEGEGIXAOxIK0UjfHh3LB89+5DBWiPyyHBFJzId"}}},"version":"v1"}