{"_sessions":{"BeZqiSZoww8rcBy99wLdmllh2icuDE5kkKyTuxEviQt+":{"registrationId":1753176902,"currentRatchet":{"ephemeralKeyPair":{"pubKey":"Bb7EmDm8WhcSF+zUwATu2oWUlx1xMmtUTX1U3fV5ctdB","privKey":"AGCDoWymrzFeWIsS71XZq+x6SKuv2NrP4ad94dhwbV4="},"lastRemoteEphemeralKey":"Bd3FEQO6nsbgxg3UGunS6wYSOXa1HZ3DuTbWlyKa9zFQ","previousCounter":0,"rootKey":"OsJmT/HaZg2OudxHSGIAMrxO0o7OrqbLkmJAIwBavPU="},"indexInfo":{"baseKey":"BeZqiSZoww8rcBy99wLdmllh2icuDE5kkKyTuxEviQt+","baseKeyType":2,"closed":-1,"used":1694515780142,"created":1694515780142,"remoteIdentityKey":"BSAq96eFqMDme6LV7Qw5EQDT0tkwk9g1V0gAGtDYudc9"},"_chains":{"Bd3FEQO6nsbgxg3UGunS6wYSOXa1HZ3DuTbWlyKa9zFQ":{"chainKey":{"counter":18,"key":"6DMeQIeGnSqhYeNa9vzVHY1Mu3Cyd2V8oj99cQAYeYU="},"chainType":2,"messageKeys":{"1":"/L+SwJkg9MsZdBc3cx9S5COwiTM1J0f+rvufXuslZdE=","2":"88Tw0MXr3cQxYmz3rBbioOgx1zEak/UiaoncRUoCMVs=","4":"l70i9+HcKlV4IyKNzOCLp4pI16Q9OEA1BKrNAgfxq7g=","6":"i9pRhrmFaWdLMcOX1FnIqmxV7+yuuXRLtTOaGArUOgg=","7":"3auC0+J4SDVLapm6lSteT/1B1Kd8nDRAghAVHeSwqII=","8":"M4KnRkMuSCpQHIrptXKFA9cN2aM5ZGm+iMogjvBP6FM=","10":"Y69hWKXak0SD/B3excGw8GcQy40hAfyhvmMtD/R7Ecc=","11":"FdMMueayjQRjSto+C2iIusTCI1tLiQ/yjKFREOnyFQE=","12":"8OmnxYQQd6B1SeiVPM5u4nMJjrlU4WDpsBcVP9KvR7k=","13":"zIi0sPGUW+EXilYouo49FhZx7XJCvnc7IeEzsHFTvv4=","14":"Hm9J39Bt7xP+8NnvoS4KnZXiOxy/eqLuaozfsTmP3V4=","15":"Ma4mzUT3+wKoWDFV9nfxX3+ZmoSbtaLTlFVH9iPHevU=","16":"Ux+LWf8bK7JR8L8Dizx2GtBZYOs0gjAX+MzqA39zoSg="}},"Bb7EmDm8WhcSF+zUwATu2oWUlx1xMmtUTX1U3fV5ctdB":{"chainKey":{"counter":-1,"key":"SAis4r5s6ZZdGykxFJiSFD/5KC3/0+La/dLwJ/DsWyU="},"chainType":1,"messageKeys":{}}}}},"version":"v1"}