{"_sessions":{"BQs/AL9oD1dm7q858ENwRyZXPN2TeUUdKNmnZVm50bVp":{"registrationId":1424212366,"currentRatchet":{"ephemeralKeyPair":{"pubKey":"BVzfQOEdyZCBkoDKKBN3VynG3F/QQ39SUg8B0WoIcpJk","privKey":"QL0QDfpT3xlyXAzEm9J2qXFNTMt030Q5SROhJWoDsWI="},"lastRemoteEphemeralKey":"BSTPQrqXTgkL7zSX16UBQQOVYd7t7QuVzdbm49Tod3Mg","previousCounter":0,"rootKey":"mX9yEwWq7/+GW/gDtOssTiDNOmGz4r/i2f/M9PlZCys="},"indexInfo":{"baseKey":"BQs/AL9oD1dm7q858ENwRyZXPN2TeUUdKNmnZVm50bVp","baseKeyType":2,"closed":-1,"used":1696233977312,"created":1696233977312,"remoteIdentityKey":"BafLQ+G38Au7P3gXHYq2DAvJp/EwgP4D8CKLhc2EQkJb"},"_chains":{"BSTPQrqXTgkL7zSX16UBQQOVYd7t7QuVzdbm49Tod3Mg":{"chainKey":{"counter":19,"key":"LU1X6+zEqp9qsCjFDvPBIXFFWSvqE6OxSya8Gil9eAA="},"chainType":2,"messageKeys":{"0":"Yrn2sUaIN86zZ8d2VvVcpVFYwt+KyGH5abQGmTGuPrU=","1":"TE190F5hK2xH9IzkkJHdJ2c4bP2W8BbIiaqFy/Lnqr0=","2":"kRN3ad6QSzIe9Y2cSEgm19HWzwkShBjB+nOFTXAV0Qc=","3":"+PoiwsOqSGhEaO8S/GE/D3b2nhGZxX1lTUCx0Vs1Erw=","4":"MDoDf6k2PnfO6apXj1SHhwwTssrkjys7V11iU6aZubE=","5":"J91pusMcMooN9+SDPdxkKS5D7PyzcN33QqK9aJzBmqk=","6":"7jFrX2aR6hTeCXHu9TE7NmOb59jnto85Wx3CnXoRWdo=","7":"njqXW3+VSQe2VdvcNKMM0ccv8pmuHWx1APfKGiOOfN8=","8":"S15Jiuf9EXexKOmSgiTtc1wuoKGNcHzUFu+tOFtFNvw=","9":"ZSETTtBKkkCjUEzDzc/Ut4C1tzr/8GWfl/CnD8Lg+dM=","10":"CaLv6N6iJezKRnC42KL2po9lq5uvhrTe+6OyBhNLt1M=","11":"cKfLC511rzooPJnF9x9dVZw3QSM0Okhj/Zj0HPlVj+k=","12":"N63mN3HancU5Qcav/D2SlQq7y+NU1zKDyMMurB6aVLY=","13":"bqUN9dWX2BadG5eDjXegHEnuwuU5eXGzAxBx8jc+mZY=","14":"6tzc2qjXbSN2JP2E+cAs1gslLAdBptz6aB9IVWBxBL8=","15":"XXwEHtTPIswAMJeIR2g8OPxvcfNXHGtiPemBmjT+SE4=","16":"QxXR2SDO+ZzFIHVKgLUf6vK+wBFBV+dzGL4qEOTvvfo=","17":"irSApergSCWoDTOwaVlAAxOrnofzEMLw2Y2/vi11fm8="}},"BVzfQOEdyZCBkoDKKBN3VynG3F/QQ39SUg8B0WoIcpJk":{"chainKey":{"counter":-1,"key":"pC/Ry2MdYxctecLTRqBVXGB8AR+k7kh7fozb9qLGOOw="},"chainType":1,"messageKeys":{}}}}},"version":"v1"}