{"_sessions":{"BZtLzc0o5tA/j2Vopinnf8hh3ojIZIFwQtX+Cj2107Yh":{"registrationId":1063048877,"currentRatchet":{"ephemeralKeyPair":{"pubKey":"BYlisZGT1phayXlc5t9c5z3qwjICoJshh1T4fL8ehP1I","privKey":"KDlDf+sTI1m5u1pB4JU0NZCXwIkxLqHRK213T3MImE0="},"lastRemoteEphemeralKey":"BeYrww9E1+LbReNHqDgbixrEgV3ec25AYazTMA3bOXhC","previousCounter":0,"rootKey":"dkv90R8yuYk7oGmjTYKULTV+ELH10603K2OnIjS6onA="},"indexInfo":{"baseKey":"BZtLzc0o5tA/j2Vopinnf8hh3ojIZIFwQtX+Cj2107Yh","baseKeyType":2,"closed":-1,"used":1696233975118,"created":1696233975118,"remoteIdentityKey":"BZ+YWsj6DxOt0AzFtuvW69EsL2Ptfc/NG6ogbMb9ddww"},"_chains":{"BeYrww9E1+LbReNHqDgbixrEgV3ec25AYazTMA3bOXhC":{"chainKey":{"counter":34,"key":"9V7Z1hw3KwHrw6vxdZK4x7awBlTcUovoZ948tI8p9y4="},"chainType":2,"messageKeys":{"0":"j9zyb+BQcnCIBRVXMo+heShH1yE+9DdwKle/O5j4jdY=","1":"sM1MSZe8tpFJ8gPfkb1hOSwNhSTdFFhDhwGFGAhInYk=","2":"lNLv0oxmRH/TGNxFZO47xvCZvnoeqvIcPFaERDKUIu4=","3":"BifHKgF1lbpw7nQtrlGEcuczHJsnBzhmcFhg0lYtTac=","4":"pIReMQLQVbgRQ3wAo9Hm0dxG3Gs+NNF+DgNGNMOmrcY=","5":"WB+DYmR5t5rPrm6P1VLUAzBdUW6Bv/xIMcYSlQNO2sk=","6":"8y5RTQh03oWR+1ekfTA0VOnA7AeswGV755f1mLi2SiA=","7":"37mu+yDJcAm+LnYniMGKviY4Ft0xNpkCrN4M2NrauFM=","8":"vXXyL56O82wRNScVcUaP5DalwYnmZCRJRA+kYywL3ls=","9":"zjyIdGUNNpkhXvUAlCRKX4d4Rv7uQvMuEGO7vGi0j3A=","10":"EXK9OcJlUdqWwLdRbhxTv+S/pWvcRGBG7AxskeOgjMc=","11":"zhmTCrVEvvgln+lzg6DcRvO7UIK4c5o4aJ5gGQhaOd4=","12":"z7DvNiViJCkmP2db+S6PMdrcl+T3tFHYRjwhIPyfE2M=","13":"MQmuFbv9HGeLRMb9LgWHCiiiAY2OIHDHpIFRr3EF4+s=","14":"buohJIWF9G77xFxn/3cngmQUU0BtTsEd7TNEqGLwi0U=","15":"HtTt3XIv9GC2EV6IPAnxcIlf4WnAaJah09P57ue7u6Q=","16":"K5ZYbyYZUu/5tROH1BjCAcStUCSa+r1FAqQQ0RnGm7c=","17":"jCmTP3HULmGn2EKciGMSj7nCg/hWYmmRtpD8Qtq3KIM=","18":"eOtczcpBBCc2dkwByb0BFk97PDJYKZ1wdfpOG8bFsFY=","19":"vCtWcVYD8wRcOkaJw5+XF1T/1+xir8F/pZmtmr7rA1w=","20":"szT4tMjSylwyPxyBqhiXI+TJHzbtMaMLzj6W69V0kKc=","21":"5XhUzTRbf6BLFNK+Wt5BnYYc2qqFm3s7OV2h4QT9D2M=","22":"Oqrc+c0WUxSg/VP146vBGV96JLozam0le4GXJdBl2lU=","23":"0mMj4iBrd0pl9fZMkiSldOsW+J+6C0mBhiUZVmXPs3k=","24":"NTbcbBLsGgKI5bOZ+4tSgFKNMhD/aIt6RLkeUTdam1g=","25":"hOlXs7rTJy6MMzEBR8Ru0b9U7y/1jBmkdcghq1jQmGA=","26":"fL/6S5y1AT6cZh3FmVCKZQgXnYghS1xhHuV3cltluGE=","27":"bGbi+TONiCuF403lfKnf7DfYeGOybFJ6uCxzRoyWYmE=","28":"cTkjrKQ7qUNrpMYZbM4wzcdfhP/v0OxfrMU27HSmafk=","29":"5Fs+ydhlU0qdTaVKVkVRMnRwg02LEt+gwz9NOUKB8ZU=","30":"o3H284KJjcxYYP7B2Xvo/CLicOXM8BMDIKp5732fXkI=","31":"md5vzNBofFvJos+190AcM5Kz3IaI+kRUF9OsCbAkahM=","32":"h5oDDP3HhxAjmZKW9pGZB3jVMIbvvLKnJm2VKfsXe+Y=","33":"Wzrc2wQuJgXsfrdWXUf6i8qrkGDpz0Uuii0zOOUHmUo="}},"BYlisZGT1phayXlc5t9c5z3qwjICoJshh1T4fL8ehP1I":{"chainKey":{"counter":-1,"key":"VlXYDfl+H/MeP6RxaJvcxKWynqqDKXfy7B1SAwcmb9M="},"chainType":1,"messageKeys":{}}}}},"version":"v1"}