{"_sessions":{"BQ7+WIN0rNJ/gRcWgbh3AxZAInzQqhQ8JtMZGU3ql88H":{"registrationId":585079055,"currentRatchet":{"ephemeralKeyPair":{"pubKey":"BVYPjibSn6+QYIb4Kt4YE79mHkW3k/CJxGIFiaaAsgRz","privKey":"mAIwdr+sgMU8t5de5AHPsvqDeS/7jxiSjDT5s9eUOXg="},"lastRemoteEphemeralKey":"BeBlR3orFaJ6BwVmxA6zcOziVcdz59CdyLcBmeUehTUy","previousCounter":0,"rootKey":"YtcgIjz4olXDiuAu4If0j11vUBhgcvccLsuxRL5gGVU="},"indexInfo":{"baseKey":"BQ7+WIN0rNJ/gRcWgbh3AxZAInzQqhQ8JtMZGU3ql88H","baseKeyType":2,"closed":-1,"used":1694578139141,"created":1694578139141,"remoteIdentityKey":"BTG4/ghyD9Vto7sTPKzk+4vQgxA4AdBx41QzxYTTKUB3"},"_chains":{"BeBlR3orFaJ6BwVmxA6zcOziVcdz59CdyLcBmeUehTUy":{"chainKey":{"counter":108,"key":"F0JBGY96oGcNUMygPriwo5bHifA51egXHgYt1HPjcnA="},"chainType":2,"messageKeys":{"3":"LDCe4hF13JHy7W0mHw8WZ/CjF9eBsx2RMsmLuYOh9mU=","4":"zVVs+zNXmzJ9iQgPigWEXF9wjIRH2/oPfuQvUcvWRG4=","5":"77Fnh/77rLeIxqljOlFsflpxrUW4N0PMq60uMMY1zPM=","6":"thsjaZKA3ZwF6LGOjPgvOVyxB7NvHOYIPlOBF3qMoig=","7":"Sbw7UPiRUGCCRD54HVhFl78lPCzNR85Iq3/ZmvIdCAg=","8":"fIo9CvwUSqaK6rFgBGwHJzHLJ1dQOHtmTcU26tvJD5w=","9":"xlCqaIV8aYl4YEwRy2tywJ8OsHxXH26gZqJFhpb3um4=","10":"eZin01/VfsDK1yBPLitT5HoRmHBhZx+jzAYcvcSU4Mo=","11":"T6ebHjrceuA6CYi/MrHyF4OWCMy7kJr7LvGZyz+HGm4=","12":"SoJ906c8HRQM5FChuxZGfRA5cLEmodD3vFJKN/B4+kc=","13":"tEdoFrtOsQ0hgw15FCqBdeooErBYs6v1XvIcly9ZgTs=","14":"9r8t8uy/kZz/+J6o86b2NtOG4Ku1enWnBx9JSaS+3Ik=","15":"7szwvQQqwqnsEmO5eDlOAMqf4vh/h+uUjWoDO4vc+YE=","16":"waQQt+aF4ZxlCSuLImqOs4uddt2xjMu9T8S971oEhCI=","20":"S6q6fVdLW/caI90iNthV1U4u0IXO2WDN3a0KtX68rzI=","21":"onelv7ko2kDolxSwjRsltMZbZ8JkG67Apzte5/YgjfQ=","22":"yTbO290PC5yjWQYi04ywpvsNaUqVFTrGBOSKYKjdqAw=","23":"fv8dJKSue18JeHG9gtPukUvEEk9ZuMIsFlNoOt9J7Ww=","24":"7gZiulh17FVBenDpJiA2/qqbk0TuR1Y+Fr9Y7jxj9rg=","25":"arRubo9F9Q5WG4xL/JNYW1h4jXpU2q4QVkpupy3tOP4=","26":"Gb/k08EsYJ+3CKQDmnsBJJgDL8jis2/srfozLbpCz4w=","27":"YESXWSWaeuoqo8VRztLyFuqfr0V65+8ijDf28wPT4k4=","28":"6c39yk4NdU46CSFR/HPieqOUH+8dpDlrQAXMEiAPPCQ=","29":"l8p+E/jY1/GMWmMWPbWOCs0H5/ZqgGoY982SLxH0THU=","30":"GruW9DpGihE4bGW/FBjqN1OclZNIe19+JC9Q2zJn+Sg=","31":"rnwnPdQBr2RZKtP8JU8Tr0SZGkQ0vKxJv2r0p/E7ssM=","32":"lzQPXfhAIvpH3qk2M4oOpUgtkY/vRunm3yiBL0aGKg8=","33":"1LyMTVMbJbboI3Xpzcgix9W8ajnJuBkch+sbNUTTR3A=","34":"HcqeVucY+bGlZsL7B1Gs22BiQBpJOqtlmmnKh7K1uDE=","35":"jHGOls2z5ynhyd+othpVBE0pb5DMtQL6N2AIf2AaaRg=","36":"SSPapuSmLCnh5wc9oI4+BWDXmDsA5KJhugk2otw9Mqw=","37":"5dM+iyNmevm2U49BG3lmkjrliPP11TYCXWFUJ+41giQ=","38":"OwPmz0UtS0MoaxWDbFRywUNbG3kWPWxwj7MBzCqE9+g=","39":"E+dhmwcx2TOnWujtoApmS4IFNa5UAcVXIxjrriBdrS4=","40":"nJONeFcwdgYxcjoy1celZHrG6ius9XWYQu4jymb1BjI=","41":"/DjzqwLVoY3CwOO2VeeX+hOFiYlf3jGWFuwIN6AQfiQ=","42":"8sgQt3W9bYChCTBe1kKjPvCooo70ckWxVD6ktmdJEZc=","43":"W7OgPKgQQ/lxxXUQgEw8+TaxGI9RM/7feXSs0nbW47A=","44":"rzfwEN+4rs9WduHf/4HRLYRtYhjY/qzDUic/UBjP908=","45":"4IX7brWy28HSkfFvxUjVP9y/V/1LThN5MNAfAZ9udcg=","46":"fz6yl+L//8zxXl4dr7KE4vcP3Dd56PqXEdMeyw4HA7E=","47":"UpQFKRYfHrmp7AGHzp0PGMC878cJkC+ovqH3P8pm9NI=","48":"NZIiqFqXgIRNJXwE6ZMn6AZsrl7PVr1biP+iFywNOjU=","49":"7Eu+kJkXhsykixVY7yzcX/4BTuVaKMaDzQCIV2ru7os=","50":"o9u6owv9oTFYWzwrgzAMOMz0VqSsmKVH9rbRvVlqFkQ=","51":"slKK9mXphPz5rSzZd3NGwVzZ7AyCyVMerQTMKhKC9ik=","52":"JxEUYjzBXkOWU8KXAUV+ommHr8KDs6n1YlBj/04rR7g=","53":"966XitaE+2CT9/jUqMrcjeXdOeoaohUIbLQccP4w4iI=","54":"gLJRxE2Y9EKINf0SLuNwZd70FgEH0KgA41WCHV0TBnA=","55":"Gp3LElqTj/OHqf+4YgYv7nr/A2FUUhZfZFkhrWXQpOA=","56":"MWiIDJiYSB7gKGRPvuvMzE3d3Vl2XSbJTk0ZMmws4cs=","57":"bpcb80Gteidvx2PjRf5LzsEUsw44V5oF2xgHTkADs/w=","58":"xBh6B646QB5/xtqv3FTq6V2uS8gvDRK2cpazkjsVVqU=","59":"A7CZakC1CcaykN2HKzD2D40LS73lAVajIKTKos/0PGo=","60":"zzcxSyBgQ0tWs16PsgyPCT6yMrgjAMHPHtSZH9Ea8Wk=","61":"I9rGJhmBKlONLUc+ZchUZnbV98TGg2U3uxufEEhkVXg=","62":"SjbvsE+1KrhCkwhr19TSC2Wzr0Hr4WVVeQUKeWSQZns=","63":"Hc+5hXoyiglyS08RF75/iM/1RJhBPlyXvShCerxAm2M=","64":"XfJajzuzqP3FjxR9IF9NOa3IQiyMvmYR70y8EFPFpBs=","65":"c0irexTc62c0abnTUbfM1jluu+YX1wOrGg9md84mdiU=","66":"ww8rlkdPd8nlA33CIt+WEOql5rISpHeMlNLCbGLzlIc=","67":"3vtA4lmkC2fKcqEjKNiJl4CgfmK4S8xfoyJ4s3EahuI=","68":"sqjgPGXkVBufxWGJTrS9Xn3acXSekBb+07VsS0vm+FY=","69":"7h6UmGdas5XmGFRAZY2nvMBzhlBFRQMLtL8+67GvtWA=","70":"c/8gHB7I8aaGxUH8B+fL7n0cUdIadi1o4WWT5O+fdUg=","71":"g8ZjGTUPCzU7LfCJsaBv9Ah3y3qQspz3HiyE4l7DdxU=","72":"SnAdw2CFaYDR8uN5C1dIHdWxoK33FtC1LyotTeBQIN4=","73":"peMZzM7ZmCBbvs+h8lAl7kvBnx0j/Jh8TrJBgXCKmag=","74":"NWztGvCY2P2rvHUzAQr3muVM6piUEEcpG3BBNogWgSE=","75":"EKo4ndU6CJS3rvWWAbFKyg4k+/lbsS+YP2jFANNjRQw=","76":"u6Nqv/+9MCzNQbkZhLTI7GRJJq2a1sxPvhs/H/suQ8M=","77":"meiOslKOTQxcO/jZCO1g8YNmDlhBgseUoDa6eEh46Zs=","78":"+o60LXNJn3bwye2ScB3SJmjIfjwP8wjRiCqZwxhl1Ao=","79":"oI1/vRBVINq0Mg4orM8BpP8q8CVXPcjahq9yjzOJ8pc=","80":"Ev1oh8D4WjvEVrnLF9cUpIF9vq8pGRs7J6b6/CYMSOU=","81":"w7BkoldumKzIh/kk4VEyNk905iZdYRpnDydqdbzxnfA=","82":"dolXr0PILqeZ/boPtPxZx5361w4Jzrx30DbvJaIrHJE=","83":"uB0s5zOXIEEpJv1QpBy8vAQbsDLSegC8L6U4U2ujQVI=","84":"rbd95eOfWFXBBtj372mkv0wbUIbtKwP+vjRt6LhTWYI=","85":"OiK7Mpp2chF7p8D0Muocr1qLL3FPnR7gWJmIo/oVFE8=","86":"ZZtxuFzXDOFEZtfWg1Bz6+2s/bPjKxtwa+1+wrNuf/Q=","87":"+4itfgyRs6ZndsA48batifNhKikD9yTVZ6Xbh+2lPvE=","88":"W/6tClz+UM1w3FlSeCBdiBgpuD+3rrx3O+cBb09/tIU=","89":"djVkkB859ZoXwBldYwexSpRsLt6fH5uwOcX7laiNhBI=","90":"m6CA2lwRV+CBVm+Noux5Hcrd42fnCBXjMoLUZAuuHaA=","91":"c9qO5qtf7Ad8qe3+R5o0/toqdt9Ew8r6WxLgTyQUj7I=","92":"nKXJ8bd0RH+7stcAIvwuMoq+/p6MWTDZvYvLiNPQ2Ig=","93":"jayL0jduRtjEh6GhN/+q9cuJyegS2Rq9RsPKc+L0PIw=","94":"qYcpghSunuTLBTWq+5poxfXtnrYPTvibR1JFRzlPiWc=","95":"nIrLXU86SYQvnVi9mQ4bZMRZT/O4rcvEXFqP7lqovK0=","96":"am5S9+BzPxhlmFd+sL3mzo4j6pHSE9sdGOwfmKTksOE=","97":"A8ztSDZztnnudHI/ZWYZvirzm2sdOquZxhrt3r/1R5A=","98":"Xe71hAwgUi/7JSx3qqY1evuo+BF//Z4gOD1P3jbTXQ4=","99":"dft4OooP7rfoNtP+SLqsSB+wucUDW5ooTGOebeAQqB8=","100":"b/dwK96NeqII8/RQr3Wao13l/gKwC5EdVFG0E4ov4Kk=","101":"ar6iBfjDUjiS9S6+1OCLaVvQ1Rl9qKrlOgAACDamgZo=","102":"YLF3X1s5y0YgDHPZsQ0q3TPuRMuhIe9ST2uYUnrfPYo=","103":"UpsrTAEGueHcfTcrNqse/L9quoiYYfOaWA7Hf0oVB4A=","104":"XDZtwU8ATd0YegHWjAQrg+cvZpT0ADgqYaHUWq/R8m8=","105":"KchKnyzol2HSKVy2poZKqCkJgzm1IeFq9Ytt1OwI0Kg=","106":"uWKmiGqFAvjFMh5C/VOxTYxrovFpGhGIXk0sOgTa9js=","107":"2mmc0OwxV59pEdD3AZrwQ2yXnwT3pr7z3E1OD1thN60="}},"BVYPjibSn6+QYIb4Kt4YE79mHkW3k/CJxGIFiaaAsgRz":{"chainKey":{"counter":-1,"key":"wybsbPdhftjEzvWjkSPgDprUj5nrTkgP0TNT/tiscyA="},"chainType":1,"messageKeys":{}}}}},"version":"v1"}