{"_sessions":{"BROT7Na6r27QVWRI2QM9ZDJYk6OgO+xhii3K6OTj0sRc":{"registrationId":1918650236,"currentRatchet":{"ephemeralKeyPair":{"pubKey":"BYSFbbdrTLJqb7ngotLYQPStGsjQFYAdCSL3QDoUxQ0d","privKey":"UGiTWC8kSO9dCEY8VJLdzpiBEco7DG1lfTHtC4lb3FY="},"lastRemoteEphemeralKey":"BYKWUO2rJXUPsbEh16/2G07Ui2N6CyI5OhuMReqrctIa","previousCounter":0,"rootKey":"6Qq5py/ccV/dNBcnITsFfp6GrDv+dYAYyFI/VJUEJqs="},"indexInfo":{"baseKey":"BROT7Na6r27QVWRI2QM9ZDJYk6OgO+xhii3K6OTj0sRc","baseKeyType":2,"closed":-1,"used":1694752167961,"created":1694752167961,"remoteIdentityKey":"BWTp4wd53RF5xagGQ/RMsnsNcAp3fffHB1Fxpu3OaU1W"},"_chains":{"BYKWUO2rJXUPsbEh16/2G07Ui2N6CyI5OhuMReqrctIa":{"chainKey":{"counter":2,"key":"hN/ZODAfpuHbDSvuBtXtaOmBFEHl+WBt5QDJlKDuU1k="},"chainType":2,"messageKeys":{"0":"wDx+w+uy6RJ6VfoBidKy224B5tMNRTl/0eS1XlxAwTs="}},"BYSFbbdrTLJqb7ngotLYQPStGsjQFYAdCSL3QDoUxQ0d":{"chainKey":{"counter":-1,"key":"xPmER65sle6KUAADXYOpUKZDsVSbpFW4ZdeWyd7/0go="},"chainType":1,"messageKeys":{}}}}},"version":"v1"}