{"_sessions":{"Be2jlCpwnBCC4UFwmaNifplETcVhvHBc2jSMqb9nV/J6":{"registrationId":1058233748,"currentRatchet":{"ephemeralKeyPair":{"pubKey":"BbifLbLf810nY+vYstDDoQLdUpLmdWYg4ygzMoxpe9dr","privKey":"eCl7k0DtzUCkdxusZm5x/bKSdCoLGHmU5U52y28oFlA="},"lastRemoteEphemeralKey":"BRBsS5+QXug+VDQrZRyh+yVJi4WHb2qMYQbGd6VINeNm","previousCounter":0,"rootKey":"o3ZcDexvyBSekw+J2crw+1HJJDdkjtgUsK4PY/xQNzA="},"indexInfo":{"baseKey":"Be2jlCpwnBCC4UFwmaNifplETcVhvHBc2jSMqb9nV/J6","baseKeyType":2,"closed":-1,"used":1696233974871,"created":1696233974871,"remoteIdentityKey":"BSCuK07Gond9kySkcZOdFDLBM6PgC15/534dgPqAKx19"},"_chains":{"BRBsS5+QXug+VDQrZRyh+yVJi4WHb2qMYQbGd6VINeNm":{"chainKey":{"counter":5,"key":"k2S/RuDK/XW/g7IbhHhtmj9m9drTKbt5ujUg60or2tw="},"chainType":2,"messageKeys":{"0":"nHcvXY86frPskh1PPeEciw7guuRjFGrKAWxwPAuGoBE=","1":"MPO5+6VEulxp+tvhNY//1jTYnBs2+44zCAj0vEUlgU0=","2":"DadpujSLqKsNVNjO7VxmZJNrK5nmi59goTYw45dRx30=","3":"6LAcjtpNxYCCgMxh4AaET74pCLLw2v6DUCSCYoe6Obw=","4":"VGO6nFgsbaYrB+EmijBIhQ/NfCFUiugSpWLGUEZWsWw="}},"BbifLbLf810nY+vYstDDoQLdUpLmdWYg4ygzMoxpe9dr":{"chainKey":{"counter":-1,"key":"qKVgn3gP39FY2WHAyGqUURGPh2huSNFbse7l1FO9zig="},"chainType":1,"messageKeys":{}}}}},"version":"v1"}