{"_sessions":{"BVfYhtmLlbL4ItEIWEXzk5l28xLEVfyRPHfhd1obr5VZ":{"registrationId":256117852,"currentRatchet":{"ephemeralKeyPair":{"pubKey":"BfzPb8k+4Q0VYgmus+fV5c5A6b5MRiypdxmzEUkR81It","privKey":"oMoDEKxfwSX99zI5Cm2llSXL7qV8L1OxfpLFNABuGHQ="},"lastRemoteEphemeralKey":"BZob5QZG1wIAhVZWNQycQ90+ZLgLMPdKeQ0+vrf5zyI6","previousCounter":0,"rootKey":"+uTg/gVFJv9SbCaX63LzJuM6xtMlwK4sPcL/3SiRR6I="},"indexInfo":{"baseKey":"BVfYhtmLlbL4ItEIWEXzk5l28xLEVfyRPHfhd1obr5VZ","baseKeyType":2,"closed":-1,"used":1694752162115,"created":1694752162115,"remoteIdentityKey":"BX+lVEOFXGfJMZxjv7H6rkj1WpVcnLVWaoFL9oeTK6AF"},"_chains":{"BZob5QZG1wIAhVZWNQycQ90+ZLgLMPdKeQ0+vrf5zyI6":{"chainKey":{"counter":60,"key":"xi3XxiltusBZTZgSyzn18i8/Oyc0W2r3mh0BNK5KH+U="},"chainType":2,"messageKeys":{"0":"EC48AkxAzK77pLn2wLSDBcVRHo++eYvL3cy4l/qFrYg=","1":"h2ML9GRPcVGVoywD8uqPynmTEEyTwbg3MG1/PjcRTdw=","2":"OZOZYdfeIlmoBpc2JmWyn94A95Nz1ejyX8NdFof4TGI=","3":"uyE7foi0MQD5YVhEueXuxO8F9NZcXwP9T5ANpDdfWFE=","4":"DsFO9PTxPHMOFjHz9cZTHOU9XDbbifgWiiOaWaNxyfM=","5":"H2j+2ykJuyt60jhGI9xafQL7wo7BLTxJDSNBpjE2zAI=","6":"JSZHXoW5PcBeXojbTPohuxMYJ59ZQ1f37ZkIJ10H0dk=","8":"ADkIiUmnKFWxfCRrKJ7xB/bYgoGdohre8BZw81+a9DY=","9":"otXxyoG1oJ6aTzvzk+5R62sqg+RGLjEEcrNY+R3+1lI=","10":"pwuLIQ6QtUidhceG8f/fiFTR7ogoxbhHk0ztBmdXiko=","12":"wiPfRgLnFtbPmHRXmx/qsSMilmByOz6CHQw5KYAVQDQ=","13":"CVepK2WNDix7S62VeFjun1tq6XRzecLoUr3BM05+BWA=","14":"hx28Eo+CV1XokdJzo8VghTcImRKBi/eQ66kbN0CYZkE=","16":"5Vcsk3m69cwvAwu5yPJ2VbzYKq+j0oloCnVFNDv+4uw=","17":"9lAOFFK+qvyJ4ngojCw2UCBfyP9o5i+AJ0o66mGvQ+Q=","18":"jaslw+k5ewnTK5zI1Ja71WQeJsYYSYcTit7Rt1qJRdM=","19":"pem1u9WFIdRrObLQn5jlP+KZbH9fpW1ed3Fe2OdV6vQ=","20":"c3xJM1dxb4Kzke69yeBMI7ru0Bj1DXaAT4IsvbC7D94=","21":"BMDIfdnC+8w5pw6ZIDKqT3Xizvikjc73kXCTagWiy9g=","22":"64kl5pwNgi1i3H7n6tApdsktPLo5nlKWF4MpYuEU9qY=","23":"Rp7PUpyiCRh0edI7jdFmFLaUyD0WYJXANE+mTB3IBC4=","24":"Ha214gYeBQKYzlIjpMEZ4tXQoPd+hKOATl8ByUA9CDI=","25":"lhKudjLauWDx1rs+Q/WlTjsegwxDCGU19sO0x8lSSPM=","26":"HgDkguHb8F9GW9j7BYYnmL+TaESXzn4Ky40DE6tGsPI=","27":"QG4NiJ+/NyUZ9RhdJMOr4Hc+IehYPa7cOb8BN1iRSHY=","28":"TOkbmrbDrdo7lt0szE2K1n1kMXtqGC8Fn7BN5GJ6gfM=","29":"YIuB8Fhl8K9ruzDRBox0VCOFfC1WZQE/Dhtc6N8W57Q=","30":"Og6Qc3gH04JWROfjiXxolKibnfDrGDAOG/rBtLTh8vs=","31":"VNWU5ODiIasFk3HwkxUcGi0nnn5eApTcF4FKGXLDKw0=","32":"rQyTB9gUyeukZN565WFCIJ2XiFKwozVR/8l80cg75aw=","33":"7muGjSYDYi/DshVJ8jNIg8o93d/pthazDetx68sQuEY=","34":"oZKFglxxdzvVWM7MUSQm8fmLLvA9SxkHtaY7rayQY7o=","35":"nEH6cauIN6QfoFN+5VCgbbK7I8XAIy6PLWrZ2KGGmFQ=","36":"UahPcdSDTr4N0I8dVVeR5UddZ8sfTB7Q6R8LpLIEdjM=","37":"QGMrgyo9u5DgkaoB/8tz0kiLGHK+VSNIDAiPYOP7TyM=","38":"ZsGGuTah4aS/Fj8Nh1fNr2cRkVwao0fGat4hsrVErZk=","39":"VAR76ghCl6ChsQFRZX8efI25ysMzu5cQ1mAs2hxGbxE=","40":"M/FrbOQ9mkm7DS6klxaIiL9w1sImmn2BU/HNIC4ohXY=","41":"qzp/jhbjJh6ZNHGdlW4INrVNoRAhUyT9i1QkSOnBnPQ=","42":"iX/AsB4/RJCfvnkUtROu63qIOgqgRc/rARtDw0R0A0w=","43":"iCOQ5hurYLWTZyF4xs3SL30pjErCitcyyxpOQP5wqPg=","44":"iKaixHsfSv8QiiA+K/bB2ksNvaXSybbU5Jhoj+OtNDE=","45":"fxWg2fTzuzLFKf1a0jPvqoYQNjUcQVbIeqRjbq1e5Sk=","46":"aDLkNip6pB1qpYR/tuGvEImvuUWHtPwqD+Dn490yLOU=","47":"eJj4BZ82Ys97C5JvZWmzKWoB52Bch9WK8kch5B9QrM0=","48":"8KfdfFxe7TYZZIKEBJpWTyZHdrD5pgvaEaCRpJUHyrQ=","49":"w2St0ukkbXjhdy4U+xrhQmNzwjJASaXmnidZAEGmJ/M=","50":"WWtTA0qLhKQk7yAfymdZTE3XLbFneqKMQfknIRJs8ZI=","51":"8wJ+w3YPJYn5bHHX6qxHX8WX65k25ytOod4I/Mabkfo=","52":"0It3wxfYe1XP014u9tJkiVsxfPk4Rem4HHiEbbV4Ug0=","53":"7c6+gI/NmLBF9U3zpnLxYWxSfBVKXgoQHfhjhQjqz+4=","54":"T+DkumWtRtJ7GykBAKMTjZXT1HYRDHWQ+q0/V0APMiI=","55":"KJ31hGXtrRUvOxQulin5kK8ituGezE9Nykzm8sVmssE=","56":"B0uFB0DjxTq13C4mCOt52ZJ/1Ffim81nZeRgz76Xc/4=","57":"9aGMJKTiUWrBbELJ6WP4Keh+ZGp/it4xS/SiSLwKaZc=","58":"aMdFyksZXCIxpmblZZjDNrCBCE+3y/Q880FDllkNitE=","59":"O5jSmQu7nBRPlK9LUuTL6ksR2ODf28ULOJKyTiyllK4="}},"BfzPb8k+4Q0VYgmus+fV5c5A6b5MRiypdxmzEUkR81It":{"chainKey":{"counter":-1,"key":"eHKvPQ0s0BvaozyflrL3uM0S8KyMcap7S/Y9yyIsVVo="},"chainType":1,"messageKeys":{}}}}},"version":"v1"}