{"_sessions":{"BYoC+Nt9hvNrfhdKyzcNAXLIJbng/rLoaRcHXYOgjs4i":{"registrationId":1062559257,"currentRatchet":{"ephemeralKeyPair":{"pubKey":"BeXWMOMkKJk0okEW6+fMoz2pJP2uknN4NFF8opV5ynEK","privKey":"uE4dy065G7IOfxrvoJzLcTMeMlon89jdqFFj/RIS4X0="},"lastRemoteEphemeralKey":"BWyd5IAJDz8VFj0pLdg9tz3kunNBwTzWIZ4wBzd8o492","previousCounter":0,"rootKey":"5Eb+69y+hezzIrqNkD3Ar6dLPE0Rctd72pdY84V5Lhs="},"indexInfo":{"baseKey":"BYoC+Nt9hvNrfhdKyzcNAXLIJbng/rLoaRcHXYOgjs4i","baseKeyType":2,"closed":-1,"used":1694752177973,"created":1694752177973,"remoteIdentityKey":"BZQo3+BDJAKNVFs+haU79+bbFgdugOWKDvjg0KH5BfIV"},"_chains":{"BWyd5IAJDz8VFj0pLdg9tz3kunNBwTzWIZ4wBzd8o492":{"chainKey":{"counter":4,"key":"+l1wFasIr6KyVPM1fk/Gwm+2SbD/gIndwucAqRwecYk="},"chainType":2,"messageKeys":{"1":"0tFpt8xkF31tM0GIxLODEym1RCCOc4kUijezeiGVq30=","2":"/40fbhEhF9sqxMFmHy6Qez8GOpMf9zpjD9+bgQPTlsQ=","3":"5+ixBTHyGRGoJSwPPIZdLYLDHICzBCVzGJCrmmuhed4="}},"BeXWMOMkKJk0okEW6+fMoz2pJP2uknN4NFF8opV5ynEK":{"chainKey":{"counter":-1,"key":"zL7DmTPokGP6982ngOzna6ptnvaesSh/Q2eVkgsP6es="},"chainType":1,"messageKeys":{}}}}},"version":"v1"}