{"_sessions":{"Ba732E/HS3VxuHPzVYnAekgTzr6721LOBw7mGhxDK6Rt":{"registrationId":248435178,"currentRatchet":{"ephemeralKeyPair":{"pubKey":"BSLIREBr0CerwLqPJz+P0OQSNAuX874S3WXWv8jdYF9p","privKey":"yIAtBUbsVAhWkvqoVhrX0MDQviNLJEvYO7xjhL1INHE="},"lastRemoteEphemeralKey":"BXc832Cbe/HVWgR1zyCWgeuHkYYG5sqUtIsFk6NyU3xa","previousCounter":0,"rootKey":"Kp1FHWk4bfo1c39YQnSWbAgfM8E2Vv1d+29JDx5J2fE="},"indexInfo":{"baseKey":"Ba732E/HS3VxuHPzVYnAekgTzr6721LOBw7mGhxDK6Rt","baseKeyType":2,"closed":-1,"used":1694515781761,"created":1694515781761,"remoteIdentityKey":"BV1+wnOoOOjXtQldyc9v8AJteOGLMrCBji+mdNebx2p8"},"_chains":{"BXc832Cbe/HVWgR1zyCWgeuHkYYG5sqUtIsFk6NyU3xa":{"chainKey":{"counter":8,"key":"2gPuc0Uh6RFRsVyv9Ir6+bHt9fu1BV/U/dymm8eTAeM="},"chainType":2,"messageKeys":{"2":"MIGekb/zO0ChN9De8zED3xoyuGszG+9Rg75lOfDKa5Q=","3":"eqMgqv2bgGRZjcLp9EIViGe8ApiEC7m63fzeaz05fGI=","4":"31WnRl/QJdeaSjc3rMBmoLwMTgSVKV5prZ+cAYom7dk=","5":"02FtekRqvTemqRhEls9d3CFFqWfpBaK6QpmKalqpCJI=","6":"DI7Ld2MxUXQ+A+atPWFP4Be1/BkqEPPv8q30qt+464c=","7":"jYORFq5A83XxXlYjifPE843lVpVRffUyOkhswVSjelA="}},"BSLIREBr0CerwLqPJz+P0OQSNAuX874S3WXWv8jdYF9p":{"chainKey":{"counter":-1,"key":"ut8itqt4uW8eLpSDErH7PvgZL5p8Au36qI+5xL+kNFQ="},"chainType":1,"messageKeys":{}}}}},"version":"v1"}