{"_sessions":{"BXqF5KA4o9aZ+85g5228Aw1gUjbAZNGVn2pbZOWuGrxt":{"registrationId":276807950,"currentRatchet":{"ephemeralKeyPair":{"pubKey":"BSa/+zMtt1hsB4JUDnGa6hrHQ+EfVrmUWTzROOnS5QM0","privKey":"+M9OPEz8xuUaqoIDx6Ay9xpyQUd8eeRtDOChTEereEc="},"lastRemoteEphemeralKey":"BanR4YpzXV+CmX3B9VTtS3yjshTwX9DAANTqvB/UWTwK","previousCounter":0,"rootKey":"zxqHwk1Ugyt7f94xZWgGdK4EKCrHpCzFjevtP/IXKPw="},"indexInfo":{"baseKey":"BXqF5KA4o9aZ+85g5228Aw1gUjbAZNGVn2pbZOWuGrxt","baseKeyType":2,"closed":-1,"used":1696233974946,"created":1696233974946,"remoteIdentityKey":"BepJZ12ihe/aV5Gd6J5bDjHgBYzkX+41Fes7EqpWWxEL"},"_chains":{"BanR4YpzXV+CmX3B9VTtS3yjshTwX9DAANTqvB/UWTwK":{"chainKey":{"counter":0,"key":"wYzUdbV677FwuxxDsi1g2qqBz0Rm4TwKgcj0/nnY/AE="},"chainType":2,"messageKeys":{}},"BSa/+zMtt1hsB4JUDnGa6hrHQ+EfVrmUWTzROOnS5QM0":{"chainKey":{"counter":-1,"key":"xgYbE2SxOOtOuMNhU4bph+YYN4Uy7ufAmAibYAnd+44="},"chainType":1,"messageKeys":{}}}}},"version":"v1"}