{"_sessions":{"Bf7BYXfadM0WWxSQNftGDs9ZjjIFExhZNyg7IF8wiqky":{"registrationId":1392959630,"currentRatchet":{"ephemeralKeyPair":{"pubKey":"Bbb3WI99ITSO5zIOFRrrngruNMR7Z7q+P1pknsnRVUNC","privKey":"6FxTqQ0gOHe68ZAia3ZABI9xiw8lRu0Wv05+zzJqLWw="},"lastRemoteEphemeralKey":"BfMw9Nxqib662OFVPYoxsgZbfK73DclYjNmg4+R+v6kA","previousCounter":0,"rootKey":"cwXnAEZ+77NX82JIsQjsK9m4VqFAf7onm+ur3fhyNdo="},"indexInfo":{"baseKey":"Bf7BYXfadM0WWxSQNftGDs9ZjjIFExhZNyg7IF8wiqky","baseKeyType":2,"closed":-1,"used":1694502629702,"created":1694502629702,"remoteIdentityKey":"Ben1wcZpcXW3KKtfLDb1IjLjbRYkwBL0I7PHfJmcGWFU"},"_chains":{"BfMw9Nxqib662OFVPYoxsgZbfK73DclYjNmg4+R+v6kA":{"chainKey":{"counter":125,"key":"j+yCelwBwQ3OtedvNwG/csolCF5V1uE+rI/8NpRaKq8="},"chainType":2,"messageKeys":{"7":"c8dszSO1f4LSlecNECi5rfgvzerVR65eyVtDWFEyPx8=","11":"4saWOpK5E4HFrv4qxgp4fRw/oAW9elFdfLUedOlJddc=","12":"U8lNaIyoKV6LAlC7ZZKIQ0t8MumY+Sg51E9J1HYSJUk=","13":"jyP5U3aUb4jARTqZl1UjxOa/DPET28ApTbC/QjWYd1w=","14":"LvB14cin2rzBrlbq1EnQjLOMIzbh5/bNX+Nsb3o7XFc=","15":"+OpYbk+/GLY2UHfmwa1/tcslldq7PeFPWXvXfRYiTe8=","16":"ygeVcEKBB/CNpmVT8+B/Uf1BO6ZNBeAQ+UB/bZ52KlA=","17":"UX2j4Wkcfztjd6Qt62sqobnMajJCq6pX0L/KOMnmQrM=","18":"M+e9OnDz5OE5vLnbB92IXLXuHDUB/+Aefv+3pLe/I9Q=","19":"MFj1Qdxhp2kdyTY1DwaynKVZ2TV6Td5JoxZ++lXtKpQ=","20":"nHkqFgqgde9UoGaTSncpEq2AdiofxepYzQtCo+PSBq0=","21":"lg3p5tcGjFYvGGo20wPZiAStDQZY+EYY66o0eKy38Qw=","22":"4bGai0RlAvXS/MKubeG9AYhloC0FfM99wVWeE8OUPaA=","23":"QCYkdiGV0hnV90z1P6NAjNGd99z+Dc7vhVCOOAejSiQ=","24":"EA1xbFHpPesM6CvlLXcqUvAeG+bQjvZPZfL0cig11WA=","25":"uy9RdPL9IiWqZjMTimOVYDpRj2EwyHLJc6Jcy8T90VE=","26":"vO+4IDuW0nEDw3R+Oogotr+3xTWekixPPjBZDAKZwlU=","27":"aYvOw9NGjFFLDtUmBHBmydsEcvfZ3ytZBQkJQ9NUv6I=","28":"u3O45tYvo+ysdqfVMmcsXVeq+Ylusm4JHyW9aSWClx8=","29":"ROTH+qyJUzNK1Dc/1npLpQ65tinvlmcqi1kHBq/U5NI=","30":"a7zEyjKHdMFe/ZwcSayKg0waUmLQIZgBwLIshfZKFb0=","31":"5cRb976W/CRU8d2TaUykTgav6nbjb3ehkLle9a1mp6o=","32":"07sWEuKn4qvksxUGiWkB/qSM9sQ+Gloj+h+FetMG/cI=","33":"FEDWkSkUasE+hnlOE3I9OVTb+MhlC3+Tfc6ozhi/h0U=","34":"z3zOMk/OS7+ba9DAKi+3YLzoLMiQdKoFOuQIEdJKs2I=","35":"PAZ2cW3uQGlE8bsGlCNub/DQeHa0y1YjphvZpUU7ads=","36":"oGUpi+/3+3K36GCcVGm/gLr+sJaWgNgAe3R44lBpGHI=","37":"lVcX0mJtIBRGMwmmOP7JcHSlGYdvJguodf935Y/7juc=","38":"1Fo7VUO94xhND/k8SlBKuRugmDDdbxKjSb1Inx/ja6U=","39":"xZkbTPz+M8hFQrWQw0/+6XISANIVPyrEiuVzxCrLnJE=","40":"+lW0YR7rwJ1g4isE2ELjOYATSMw5yyBspLiz4PZ5qWU=","41":"UsQMK905xV0X+MlC3ceG4WZ55hSlaTnbuHfhRYUUqZo=","42":"Jpufbev/8kFyly8xI9FVAGfEX/2Y4CX73Uzui5fTwc4=","43":"Hlzn70Ff7AYtZczAe2CCUze6zZ21OaA1AUMv8V+anlY=","44":"pdRZzXPxMri3bCHCxWEYjxyjteZ1twfnzSkIu+guDms=","45":"378KkrZMsGO3uzEasuOQCdTbhfcA4QL+OpOKRl+XLXg=","46":"Sg6EgdvqKE4GQm2O0IhR8IfVgCFLJVpPoUCUVP8nYOA=","47":"K9fxiGFHBjGl6p3jnjjLSd5wTXjY9tjI7F2wGGpTeLM=","48":"+boMgLhqlL/nU+4xOH73xaMYJVrOKk8nkFQ+pPfSxyw=","49":"FZmi3/WZTHjLTm56Y3YMYeRigNUsAedmlE8Lk4nbDuc=","50":"5pIblqiM65s1R3MNw6U1oKTrkZ35ftN4MZISBpY989I=","51":"zTEFPzp0RyifG4ja7049rWpUzdoy5SSWEw9ObllEB/A=","52":"yCcsTZz+kFviSGhdD73U7/Stk+mtUw6GF4Gp6j2R+BI=","53":"BWgFtAIwJFYyN5nhv2uH4xcdouE382FKH0EH7QAgveY=","54":"0tEQLDk0WyJtubcLqUAciJDV2P5tdxX+nrvsXsgq5TE=","55":"JOWxiNON82TB/vZRrR77Sau1r+2/2cS6SY4M3VzCgmg=","56":"T9a4oHvFoaPUoc08dc67Nq3aLEQWflntR2xA7t3kIeY=","57":"IwcuCZKraFQx1g1uy/YoMRAlb3AMaHQOUlMjXVvPEOM=","58":"dkAV5Nphgjm/zt6bhzMqRbOCbFtQuHWa/YRwu0NrNJk=","59":"rD3BR6Fz/8mEiDfdEdvEgc8v8s8x7Kg8Lfii3QDWFU0=","60":"wMk+t5TDJil1ISq02rpFce8l4GQCFkSmcUkC0lvqdLo=","61":"xjhJkwTgFx6dzpLTHcu/5JJu4QAie2EzYqniV3tVHeE=","62":"5+zxY/WxypP685xgWQykzc0+Otm3Sz1KiysUytNrj6Q=","63":"C6Kf5S8CPP9Kgh17PHdwtthCWy5vKCB147tLb/ANrFk=","64":"zCg2cJD7ITlQyAFSNguhRp+wn0/QEA7vWE00wQ/1Z5o=","65":"NFmU/JojrHUF/fd/JXSGaKO+e86RoaGkGejhzoYWGhE=","66":"g3+JKIReCFdYgC2p91uyTtTfM0YdjNwAe7cNimZgoDw=","67":"qZ1XcStzobT43+CX3DAVX7Ns6MEPXxMZWjSBaSbbqIs=","68":"VJRUbC53Vdj4+UVR0p2UZVDSFenwr7LCfSbYf4A8W0s=","69":"O5j2tiPvd4dj+7hLRxKrVd+Bx+8la8iIKjn9mBb7z4o=","70":"TrYsKPAy68TDrt7a0g7VAn8cB4rVgeykycZ59wFv158=","71":"WgHVuySdGDqWwhdAC0QVefPHLaId7BaYNcRGo8oRU4s=","72":"B6RX2r+98SJFHX85H8FEN08Djtq6R60Uj915/tzgnN4=","73":"a+68rVcb+wuECWFuV22iqu10Lier7xeZANtKUv0tmLY=","74":"H1EJE6SxlA0YXU3C4DyFUQuygbywKbE4kZIDfBN8I4Q=","75":"MuX9Bgisng7iI2Psi7T1MdTcwYVNPHZV5wUfeu+zrFQ=","76":"S8qnPtJTEix5agU/Y9hsVZLtMYfa69Qr95xucctYb7I=","77":"JHs/YQBsiSFHjY2kr3YFvJraIQbHy+16PLhBWWMxLG4=","78":"JtMpYo7tmQGRUJoZ4fyd1poQ+iIjwuqvaxibtLKZ/Fw=","79":"cCxlG7G1p40vlBAbdEft2f+qvhdM49A7xAUSZ2sE8l8=","80":"c7wTJMi4cwXMp72vfslCQL90k7/y0k6nPLTOd9cTAOc=","81":"rdV1R6D4NgODtV85LxrPyFkmm7e1jYluzJ/wSeGply4=","82":"VyaFuadbA08fnIxMb+1AAPb+V8lort8XdPvQeR1ahNs=","83":"wv7VoFXU6CvUnA9dVXJ+GZUOq76INalvMVkApJuotW8=","84":"NnLSHwBfiUQIp7qJAJdFCFHYlXvXsH7wdknjfGFqz9M=","85":"lrQb71UxOPFdtHDLPUZ4ZFIeLT0SCP4GNFxPuyQY87A=","86":"8tlUzWDdRGzsnlNvkzS8HcTf8c8buU6lyOybJ+mjsgQ=","87":"iApMTWYoq0PLk9ebWLW/doOqk/B6XdkyrconnMMG1YA=","88":"KL5qHoEP9Dxx5KsA66+JL1MQNRH1YFOv36EIwLR+wgg=","89":"w4s6gHYRBTad/bbAUnbjKdmEG1cRIQaNGeYWDutPFhM=","90":"WRdlsjhJ/w32T5PXs8bEAX+gfcpD9BLiADAkkqEv3j8=","91":"81/d6CL/OlsOGatskZq+mvg7jYzlW+QQIS7QbEjrkPs=","92":"QfPOKHAgZFSsfTqKVKhYXmLequZqcQx5DSUVsEDDL54=","93":"l61V9nnWWeBzmTJ96XR3PrU0fcn+nSiifSxDoLGfGSI=","94":"xIJkfVqyL/jNSk/nZyydRjDRBzb4POhxC8a4xJYp5BU=","95":"3w4UOxtZX59rnZnqtASgcaLtZpiz7ItBi9mNWd4v3Hw=","96":"hfZDfUWpH4P5wE7Onmubta61+mBP1AuT7vXQh7LvDHU=","97":"pDvfew71GLwpOFbv3VbTJRz2zQlh5xpsR6bGHXtRjUM=","98":"7Nr/RMVmP3J1pjxx1EUgbzQ+eZ/89mSOIqw4V3lnVE4=","99":"22YLlEkbqcivEj5T1FquqJQpfdIfWBZFedXshUZzRx0=","100":"+2jGQYtZOvbA9smvPV2tbUi5nTqX9QYaNWxyHz6q4r4=","101":"fKyucFsm+9vZ8NRFdjdx4uYKrLEPtUNGLqyVktWdcSA=","102":"ndNUgQh5jUg3VQM/FZmyCM2rCekwUdB5xcGT0Q+irCY=","103":"96JuyN0V+6X0/IOJJmhe05j86O9dp79dfP9fyTI7dWo=","104":"SPHHqMRslQ99mM1IzYDcz1bArK6kUPNtL7P1g4s0m6s=","105":"gnO/PcG65K+LlGklNHPx/pX2R2pycI78anhHcMc5ggw=","106":"2/mXJhehKuUaGcQTMEvoDZOxlS45/kw8lIu/wvj/1Nc=","107":"b0bXHxeQ1Bw7pYoOmUVa6kU4JTaeSxWA5rdkgMsu9Eo=","108":"O7sAsEQOSESW5P8184iaC2GvcRTGwhlTmWxXgLuGFTg=","109":"p8qY4K4/xIDVr7AXKDku27svPYAdO3pHqT0aTSkeipU=","110":"cLDznPcPQBala/uQ5Bh31fgT7mVXw12x8dqgG1V/pIU=","111":"4EL+o1auyxCkwQtWd2yNOz2wVjodhP1g6XcAqpdNKyU=","112":"wUx0BKWHBbqFCsAshTbFgtInlQoUGY2SKGERcCJ0raU=","113":"S2btnZZg5IK7DYIStWl+Ki15E7ip0/XaMfHg3kY1ef4=","114":"MRM5Q0HCvMyniRLaEjG7yKLaU7V6Fq7Qn7Ab2PDWr+8=","115":"IVzmtYN7q/RI+v6O0hBACNYabuSrNOiUfsl4DzmwSB4=","116":"J2wJZ5r4mH1TxOA+ejwUoN+OtdFhiNwL/O3wOfXPrqw="}},"Bbb3WI99ITSO5zIOFRrrngruNMR7Z7q+P1pknsnRVUNC":{"chainKey":{"counter":-1,"key":"Dt+0427xTO16bU6eHyXi4gNlBcyQKuMcNp1ooZsbAHM="},"chainType":1,"messageKeys":{}}}}},"version":"v1"}