{"_sessions":{"Bax2LrMJUmHSA+as1PyIZSeM8DNOVLanLxCPcCnQzTVz":{"registrationId":2033614236,"currentRatchet":{"ephemeralKeyPair":{"pubKey":"BYiby+vqcMEcS2K3/KE00WaQZavWBnps+jC2EHC8Hko7","privKey":"iIow13Zd+g1pDss3kAsnD/DCEvWTzTNYk/8o92X5QHY="},"lastRemoteEphemeralKey":"BRKWkex5+0cRRx9c7NEJqOFX79dMeF8z5s0b3XkH2VlC","previousCounter":0,"rootKey":"plyx7LGL8h7Z66nwaobZoDuQ4Yk4SAtuEWC/q4Kdl4Y="},"indexInfo":{"baseKey":"Bax2LrMJUmHSA+as1PyIZSeM8DNOVLanLxCPcCnQzTVz","baseKeyType":2,"closed":-1,"used":1694578135678,"created":1694578135678,"remoteIdentityKey":"BVRc/L2fgdwTlLZX+/G5O0eCjsabbsy+KmezZCt/l8gC"},"_chains":{"BRKWkex5+0cRRx9c7NEJqOFX79dMeF8z5s0b3XkH2VlC":{"chainKey":{"counter":89,"key":"I6HtpIu7FNVOdSLT9NPlu8YGbES6Sz+l352OiTvMet0="},"chainType":2,"messageKeys":{"0":"7L75r1h4EJLRYqqQa7sYFfrq+iTlyNZVGqCEx1asmrE=","1":"p27KvvR/mKzrOIVgy8WwBOByNYyBsyMT2r10oW+slew=","2":"RFONzeRt2E+Gu9m+/E/rzC7O0KDDKaymC1syEmhHWNA=","3":"CRploM2waAMdvNw0pIdGtkNwJGmJkZP0JVEAX98VbR4=","4":"IFVQQMXC8YTgH3TytruYl3wGfCwRRlBgvR6qirHeqHM=","5":"CLwOOc7yef6UbUKA5By/rX66Syf3rb6IZHHB5U1m1v8=","7":"q+8zPyNr+4jWj37TSik2AbkfWHx4I4gBfAtlp/MuOik=","8":"w+wkQi/E2LagKQ+JECmloppEAMCM3XT7JDiyByLcck0=","9":"Un7smOPliHoX/slwQscqFIIk0ucHns8x6lurC33a2s4=","10":"RZrmClLWzYJzWkpZd65luz1VUidTmtmeYYWhcvz60Q4=","11":"91AqWDJOlMEn9bRDOpxQ0GTAHqY4LfKPJg+RVCKMY/k=","12":"hEy1aGtagZkJg0jWpoWBgcECSZqi5WNx9ogar/Euygw=","13":"6C0SKD9BNe0QqH6TIyMZ5wz25sbw7V2eUai8Qx24Zlw=","14":"t0ljJn3X2hHXQriKEgJ2LYzvVmSrBoG6i6g9W5aftr8=","15":"DuREiwj2Wvq+NsBh/e2PhTA6AF6h7DUQG3o/bmdxtZQ=","16":"+yl841CQEO9NZImj59iPsw/l+K7i1UUKn4AaKZAk6Vg=","17":"cKynQ5vBad++gX7Hj5ILs8FUdV1qJ2RS7/NYrzuLZ3E=","18":"YEr6UNm9fEMxEnJkT7lXfTS+nq4o7h2TK9+IrMBjEt8=","19":"uX+LH5qaNb4729KU6wQ12zA7i3tXMeIK81/UbnJNf3c=","20":"ruDTNCapqH5IbeXjEDt7pgfHUVSj6h89BOCgXmeiI9k=","21":"klKNOYEjL3szl2o1mfJZY0Q6Ny3APkhdAEHj8McJm1o=","22":"/waU9772VBixefdPaunut6s2k0dWAjDLuUi4Q2cL5GI=","23":"i6hViBtQz8HBEOOEfCJpNEvZXEr3A0bxPxODScHLicQ=","24":"dCdVby5XzCU7OcqdirY6ksvVakMAhOxiZqqHsFOWSH0=","25":"9oJOIiaoEp+SQjCQPgfYJGH1NcDe7Ph8aqiaKNdNzow=","26":"90mFmgkT1paBXwRGjZeBFeas7wJU3yU8yxAp1PbWSzM=","27":"SEkqgSAfHaBQ4pZLFiqy5T/k1Xa9QLCTjkkOscx4194=","28":"CMb8/B+4Y9gYVlZg/jJRq0urVUdVXYYmiMm3Jm9CuPY=","29":"nMgOKeQ0XmYfbRBdPwTNaRk5WYamYmFhh9P1H6Gg1sY=","30":"XIpNaj1IByZk3dap7YMWM1Lg0WlyN2W5ERiD6JbEMsA=","31":"CHtyFyck+hSktVbYvFML8kwt2jBHNoIonSqzWmLFo9w=","32":"PYx0EJXx6MWZNIGANAvDxaCQtGyqVe1MV+x3sK0F3lQ=","33":"4WIQ8+t65x25Tqh8bNaX91fs5BRT6sX8TPRAYxXHCpQ=","34":"Kaub2WQ2QK9PMUWv+R8+2nMvmPV7V8eH0hsm3lTBV2A=","35":"KlS44sES5FiHkt4ETwDzYzSA0OAkKCoZoBQdupB5FQI=","36":"xmAIPawNoj4AR8Y5nOefQi8D5yxpjqgSZi2edWlgt0U=","37":"tV5s2fAcmpZXkCxBgEhaGvfiDRPW3etZrwsCEj0R9p4=","38":"WJBnuk7G43FMcQI5zZKiWnPQjNyzUh3H0kEhai+VkE4=","39":"FhzRd7Mc6u3mWDb7CC1SY45ULrVvA5mnTadgGhsbhRk=","40":"pZ8ytChjWD6rn1IUTjGuuVwgLLUyEmAcgZRMBtHwsb4=","41":"pIHs/Q2ndop/K51J8wKqQEhaQHTYOkCdSut5aH/V2kI=","42":"Qn8cdJz8hjqqwcXi7bQJdSLuQfdpP1JdNyIT02CIkBs=","43":"eWvVyqSdhFAxEy1rXWW/+ZsF8mLt0hhMB2obSMdk2hI=","44":"deu6jPTsssBX7cZpww+zPn0SSmI9H7Ymgsw5ih2Jj4U=","45":"IJZ6h3PnRQq2eGIfDYLEe3V+qwfT45emgFtKey+UXjQ=","46":"vm1iPnXf15+UfMzUfwSsnBvPZh0zg7b5iIDlkda6dbA=","47":"Rp/aExn/07dHw8ivnLdut8zQ5k61E2z5uufv6R+d8qk=","48":"zjG0HwVRUApJJWcyhe+3f2MTJTtmHrOtDDo6sXBXCV4=","49":"TdVCZePzPBbqJ8Km+c88pwBlhcWJmLnfNAfhkcPk5Y8=","50":"aZ/lX+VwML7ukDPJSXwOXNcFNPyJI3Qz1OPv1yupAX8=","51":"dXM///7yKu1E1uRVRw5GdZDDm6bVm2yrIcZQM3GQ9A8=","52":"/BE32ARrmQDnSltOAOdD0dLhWsgzCk+DC2CxovU7eLw=","53":"8aHvm6l6nr8Vvnx4Umto7lZwR0bqrNVMgqxRrSHySVA=","54":"FCy7jHmkv7XNuEOT2YoixQn2K0NwtQXf7wW7Aq/XtTA=","55":"JK97cZ1y3V4212ZcCBRal5LGUSbUU8N6RKZE0iGGUzM=","56":"fOImT/SqosO1q/3A4vFQpOZH8mWCBv1cOHrzRcv38Mk=","57":"baYapil9P5WOMmT7WsX5WVoefg6XW/PpP5pBad78rIg=","58":"A+M8pCI9YmxUVy+KjW7wraX0RBs2h36ruGb1upXZmls=","59":"JTc9rIU3av0ozR/fElLIZRUDj20RFqVjYOlNd9tHtLY=","60":"39kZ4Pb57TlrNfo+sG304qzxgQn/486BnwDZlKBmvVI=","61":"6uGqNEsgQ/YmX1Rvdpo1JZ0oPIZvpyf7J7RUwbWPku4=","62":"R3MoeaQcf0odXzJdH4SyRj53erxah2VXmXfWp3Z90IY=","63":"IMYfD3thzcsuv9TkmDSErjsHARpbQDUX3af3bgHixOU=","64":"lgePYy5w64vsN6RT8glyEz1xj1kBVSM+vWf5pI9BLcw=","65":"4a4eXhl5CCryNK1TyD3y/POrPjlVaQSm/aKqqdd27XA=","66":"W638sNfSgIXDfRw2QkVBWKt+5NiXYqLGuM6lnS8tI+o=","67":"2XPYL4HKwtvSUPVBQhOAeqWgym6DSyygifBCpPoEwf0=","68":"VpwDSClPOGBAs9i2YP+Gc2gEg6OZ0OgRw9SJSAu6JhY=","69":"F/BZM7RiWZfN32YZU/Ket1Ke7XdRDsat8mJ/xlugPjI=","70":"bhfFTHpmlwmJe/DBAecA6PooinyyfHJd7tz1PB02gyw=","71":"sfnW3LRQ+nZIU2OkDocH1yrXsN2kUWycnxSyN99iLuo=","72":"FwunmVHEY7gh9ugdbftItL9+/K28yuiKElelV7PfY6c=","73":"BzWBqXU7Qeg552sM4LQZ7hrQTsqvzXLtxV/aNNFz0X0=","74":"FmoLMorJrRP3d6kt3mWl9a7YtFJT7ldLJLW4PVZHxhk=","75":"ysqyOQSYgP+U6VqHXTYWtZnOgvChlMgLFmKgAlPF3nA=","76":"jFV2/rvcUSep8LVaMrhZF+TR5Pqmxfzqhx/rCcnBLQw=","77":"efhZH1s5y0FCA/84t5mmaeJGRs0gRoAdrhS7JXwKjZ8=","78":"ZomhMxYN3oUpXDmwVNAt5UJr/Hw48reWoPNDHq/akx4=","79":"gWlvgGfREkwl3oq+UdlOprCTyUy9amLAO0hkUMflGhQ=","80":"AQefSsGvQS6BVJrdwO8/KKikxdz1x94dNhKEg1MaGEk=","81":"Ls+h9VqgCutWbZa03nw7nHwQlh5NEkYrcO1xZObsKoo=","82":"96U4bbdPhdHDs5oGdneKD+0tlISaRO+ICQuXCxK5eEc=","83":"WA2H1TjtS1tyFrW6LU5towwB7+cu62u7y7xHJMJt56c=","84":"ZNj6hWTNo27Q3E3rWhSmevG/mpMwMRuxbE7O0BJ8IVo=","85":"RSVxbkNjSgSBazCJ7PWoVioK8dWnF7rKWqIcYr9aByA=","86":"ucT+sycd9b4U9tiwpF8l8+Ju70RwVUWshhQe4H4WipA=","88":"zS0/h2SExARkCoPFJ2Xqii4VpwrkHt6NqHiPd61bDxs="}},"BYiby+vqcMEcS2K3/KE00WaQZavWBnps+jC2EHC8Hko7":{"chainKey":{"counter":-1,"key":"x4RhRcAlm1HLZUKOfTFcflqRBj0S/lq7ZMki0FPVM/M="},"chainType":1,"messageKeys":{}}}}},"version":"v1"}