{"_sessions":{"BTTBiJH1F+47ppQ7sSPcBBCe8gdjrUPPC6NHuThfFIIe":{"registrationId":247237995,"currentRatchet":{"ephemeralKeyPair":{"pubKey":"BV37MPcNLMm21uwB5h239U4GtAmxwvVxeiV9hfdb+O8z","privKey":"mLHYUGrOCWJ84iPkj+YHTPJyAnxOgonHUDcIP0llOXY="},"lastRemoteEphemeralKey":"BQErzkMd1HDFKa9NDRuS/YZWbC3EEih3FhzCRG7a9Khu","previousCounter":0,"rootKey":"36/fBQCyswmDP59buxUCQVRk6kMH/Db2HM/RB3bug6g="},"indexInfo":{"baseKey":"BTTBiJH1F+47ppQ7sSPcBBCe8gdjrUPPC6NHuThfFIIe","baseKeyType":2,"closed":-1,"used":1694752173994,"created":1694752173994,"remoteIdentityKey":"Ba3mYvydpvoib0n+QUDr+5Q7Upwevg0ElMAlRP64T4FS"},"_chains":{"BQErzkMd1HDFKa9NDRuS/YZWbC3EEih3FhzCRG7a9Khu":{"chainKey":{"counter":61,"key":"HaNf7y4RmzvvrngJSeJJP25Y3/NHEGU2GbDH157qhU0="},"chainType":2,"messageKeys":{"0":"C+DH0f8DCGbVQa2N95q5fC/Eo23URc73nGxb3kNxJS0=","1":"DWSqX/43p0WjTLmKWQq6PkKJcuvs6TzjpTz17CGCTRI=","2":"cc1BjAmGTdbyfvbTUXUNLnMnPs565Lp6M7qQijNOKSc=","3":"63tuDyaYKllEqhN+8rJemciOjggxCj3KX5RQvry2Ok0=","4":"64AWEK0ETcoqgx48XP+FvF0S/zSXeIgG56JDg9kcdJU=","5":"JSxKiAQfZhBudfng63f3TnONQNbvVmXEictYZ03Sf3M=","6":"CJ/LotJuggBrsXwJYQFh4HGnrsHxxfIdBix+F+k2j0c=","7":"RrE8RJp1MtUXpLBZXq9yeaUrVhSFZzYUqcX31Z3hjKM=","8":"8HQndrl7HmUAFd8riNSSsdu+ysfVAyaJ0J3CLwuiIYg=","9":"L1ZU/Qr7VgZ3bHZY270adh/S0NsdfMPdRecdjgXcU1Y=","11":"Gu4/q5OgxH8R2B+LvTm+nvwGv2Jv+2qNhn/5xn0+d0c=","12":"N/I+lqAFiwTaKuvxahwKXbN2L/FK7jUtX/gscbAQI74=","13":"+HFe+8EsAjpRBXuJzwQPTpLMpE9mEKTVJ8Hbhasurgo=","14":"Fg9brqCIhdnPh7+JfTttRC4Hzr3/AFVRT7hX60zr1Bc=","15":"u7JVpSvoByfiqQDKtnwAjGX82V3zMlacvcTeqTFE7DY=","16":"xDSWfCUJNBKqTejWEHPXlMKgtzV25WyCc5xi6NBDX4Q=","17":"0DeoQTAkuYZTouth4UYLq4Ri56C27/NvfweOIMDKxLE=","18":"/IcUxs+EbyPLyspYN987wvdZGivra9sDlZUkmyDPM8E=","19":"5DWEqpkZcfDPFl3jTnBDkz86vuTZ5lF1EkkVIM3lGyg=","20":"SR4M/oGVgYKXWK0A3vVq5ZCatlYgGgyTy5bs8hpq6h8=","21":"TRbwvEkbBcAjU/oeP0VE3S4XA5YgD1o9KO8aQDCIJEQ=","22":"NMhsUyITacvEA/HfHPMJUhAudtVjDWxJZG2aAwI7F+o=","23":"9a2O7BqRCrXm5LmlpZpGbxE24FlbXSjh3mn7OYmAze8=","24":"MLACxbbT7d96DznwTvmQ+mtJ2WhbVXcPu+SqS9w234s=","25":"JMUtlJVFZBbhkmqWUDTF7idFLkZYAIQolCUq3Nju3ss=","26":"vGKr/j7jAKqtxFEhWbpb49kt+LQHA2bZiZrSB2E9QIc=","27":"7F5rWU7chwzLtV7LhghFPO08uRM69z9anSF7jm/GZNk=","28":"9IUd6euH5OeBLc6mEQ05SVRE+x8ilxH9WN7PCfc04TQ=","29":"TtKm2+wPporTlxBJNEQgS+9KZNxoHtY5CsOOxcjgGK0=","30":"tnjvXdhlU+lXkq0+Sstfhq+bThwbmwsN4/v2s2zZY9s=","31":"+B0Kz1aQuR4pzkrx2oq0k/6T7SEFQcq/4dlamPCp2Zg=","32":"cYZM76V9UOhJMuyp9jj+NNJZRYea2CM9gWqoWVu4KaU=","33":"7xiYu8Z+EAXW01QcHWcOAVAsfftpErk7iXEd2rxKQig=","34":"OeSukOG3yOdIaAQAy9RykWbest+ncw3T6aRYJ9WnG+8=","35":"B2KfxLUc/52AVrKHrqeePSXTma25H7oAFgpMQ1La97A=","36":"Lz3HyffbmERTd8nk/Hm0YLdkGyNtxHepVIJSKedQIXE=","37":"HT0hxCJQh+FahIKwTo4W5YcnxdcNvQp3WraIV1HtiFo=","38":"Yr2UmJh6wMgyofZ1sNj+5CbLpb4jt02IPg+oHD4+nFI=","39":"wKwvZweGPqaxjBOjPR9PiHK735e93OaSQJS2mVSqLdg=","40":"foojBcW2i4bpC+NObs+QMvGUG+KXX/65umZLF3F7cdg=","41":"jIl3UXz7gtCtSYsLBc3X5/d01JytNEFyWG5AxrsfZ6U=","42":"/oXuo5Ma1UkTZ+Sq6fT8aiw14eZRXQtRYTgDfujuq5s=","43":"qlipc9+s+NOrNCLQJ12r3juIIIFS0HbGGpJeUfUcVus=","44":"pqSPYvYfjCg0J1MWfFTk2UZ72bHaYHPaxCYFPoMHU+I=","45":"rQhHe57F16USckjUsIg1t8tWEbT0e69/m6A5Y3jmXQw=","46":"VdW7X6s4ehBsEp1hlriOVBTsufQhgKB4NUCP3fXt4cE=","47":"csNqI30TocYQrhzRI0tWZt9xl2vp5wwJcopA5w4V/vM=","48":"I/a9na9vBMUGDtOqfeR+d1s+CC5Onpm3I/Koo6JuDsI=","49":"1bUoX99OY1jwJzU1AVX4MP9dF99FgSE0RuDyRfjKmng=","50":"qjYJrY8DrStWVl8DzJKvEBeeXADOx+IeaUs/8K9QDco=","51":"2Jep8/xv+idvyiZePTYe1tuYQ+HuRLXcJ/Pwx9S1Y+U=","52":"eikfFPxS8NDy/HXnD/8xZr8b80gmnv4DGfsq/Q35aT8=","53":"0DIJhrxx+/UZuEvz49aVUHn8aJTPQKTbO2jVebqPBcs=","54":"+iMYAieIMmYZ8LRr2mW45M3EUKOxFUUHJlPPWgYa7QI=","55":"xiW3+HsGY4envIZkYBej7GTeX/GqwNfCMDg37aVi8Xk=","56":"UfmlRglQPt3WRpwpMJK4AIebdXNwCTn07f8h3EK+fCQ=","57":"p8+OyCixR6moDJ8Tj3++0VyvclTFwp3kr5BZZ///f6Y=","58":"FdI2YXmKDEHeRScqVr+Lygjau1pmHBdTACiMQibiy88=","59":"18SlzrxooMHzV85sN0mgg4SGSw4rrbIZUyNFiBaa2Yc=","60":"mQ5SVyO8lbWji8d0dZpc8hQvQJs48POQrAhGN687JPA="}},"BV37MPcNLMm21uwB5h239U4GtAmxwvVxeiV9hfdb+O8z":{"chainKey":{"counter":-1,"key":"pvo9zIMEbx6v8Svuz9nY0r1PGXB2zuYeMU24AW9zkMU="},"chainType":1,"messageKeys":{}}}}},"version":"v1"}