{"_sessions":{"BUWht3tixvGsNiU2pnhPXdX7HBJ0t6UiYJiV8IWRZrUl":{"registrationId":1121169393,"currentRatchet":{"ephemeralKeyPair":{"pubKey":"BYezydA/7LFIps1x416S9cS4OZKE7Nl74U7KCja/35hk","privKey":"2Mn+MvoHmcvRt+HFU4wRwtwQvUnpGrcAeZMJ9yIkJWE="},"lastRemoteEphemeralKey":"Bf6EMEXOVo5HxYLIFayQRxk54FvMlq030FJsiKkxIzJA","previousCounter":0,"rootKey":"tQt2QXCMmUU7XKeyxgcl1ENrTfYDHhzBZwXjeyDaN6E="},"indexInfo":{"baseKey":"BUWht3tixvGsNiU2pnhPXdX7HBJ0t6UiYJiV8IWRZrUl","baseKeyType":2,"closed":1696233987783,"used":1694752198324,"created":1694501181414,"remoteIdentityKey":"BePffKh3uI8vMUNGM26WNM4KqEdlzA3gQErBq8EoG6AX"},"_chains":{"BULUta/iNzJAv0enZiLSuyoe/UmjKpJ0RwFJwFAmSBdg":{"chainKey":{"counter":0},"chainType":2,"messageKeys":{}},"BR0Z7oMy0Ssz4mlUxBTVkT7+BIoU61feff4RbBxLfh8s":{"chainKey":{"counter":0},"chainType":2,"messageKeys":{}},"BaJXT7pVGGEBB8NfA5Po3jZbRju1xLPt8WauHrRNDY5a":{"chainKey":{"counter":1},"chainType":2,"messageKeys":{}},"BSjejeLsMl35Mctk+3ulh0KxFlZadyWolnHelLt9bU5+":{"chainKey":{"counter":0},"chainType":2,"messageKeys":{}},"BWfnMW4rxlN8oC5dKxBl9ZKTtPG5M8iNZRaWYJIxDGFj":{"chainKey":{"counter":0},"chainType":2,"messageKeys":{}},"BUiGQb1IsJSyMozzOyUuKpMO4LvYWPnLXQE+1/Qa4d8L":{"chainKey":{"counter":1},"chainType":2,"messageKeys":{}},"BbbBG788zKBJ89q0Cn+uU0Y35GKMb/6boxVWvFd5Yls2":{"chainKey":{"counter":0},"chainType":2,"messageKeys":{}},"BQGV3ShrMQfeitUDJ/rInCH7S8liuNOZjP/2pgYADds8":{"chainKey":{"counter":0},"chainType":2,"messageKeys":{}},"BSkajzf1r45RsSrZ96EptshfHFHs0Yb9qydcC3C/+Qo2":{"chainKey":{"counter":0},"chainType":2,"messageKeys":{}},"BdMG4uEjadp4FxK0QBFqv+FDqJkWGbJ0vC4NgupJk1Nc":{"chainKey":{"counter":0},"chainType":2,"messageKeys":{}},"Bat9C++uMrBaE1EN75PRlsrMUM9OaE2HYv0RKiUp91IE":{"chainKey":{"counter":0},"chainType":2,"messageKeys":{}},"Ba1yzp4vsHp1P1U9q7IMoJxRn2MZln6PzTyzRrxdRJJn":{"chainKey":{"counter":0},"chainType":2,"messageKeys":{}},"BYWN2Zd+dnL2F6tDShyftqOptzwtavxvxXEvOBrNy4km":{"chainKey":{"counter":0},"chainType":2,"messageKeys":{}},"BaVegAfxB2IrnPNaGk/+1EwLFdP77r5BlFtd6zqbWZBp":{"chainKey":{"counter":0},"chainType":2,"messageKeys":{}},"BZ7f8CiApD0a4sxbXeY2+BzjSC0FgYT72P1N3MbFyMwu":{"chainKey":{"counter":0},"chainType":2,"messageKeys":{}},"BQr8J/lhbJr8/pqDtn014/Pi7+eF5i38NHI/Jc8tik9U":{"chainKey":{"counter":0},"chainType":2,"messageKeys":{}},"BbhLxUZlHiGYGaGonKHh57vkdtZ1RelyZBED/y0ZRs0E":{"chainKey":{"counter":0},"chainType":2,"messageKeys":{}},"BcMMCH+wj5o2Set8Fs1AYKVN019P9DP+psncT5GfT3If":{"chainKey":{"counter":0},"chainType":2,"messageKeys":{}},"Bao+XJw9AS2YH+mJFDTNzxLogW7my6DBagHNMCyXnOMr":{"chainKey":{"counter":0},"chainType":2,"messageKeys":{}},"BWWiAMQlGqdHDRTP8JusXMEDJSr4Xq4AB5qkk2YkAK8j":{"chainKey":{"counter":0},"chainType":2,"messageKeys":{}},"BZcQjNRsqZAau6ouc/HEm/CHbpPdgTk4NSQaqihbOPhB":{"chainKey":{"counter":0},"chainType":2,"messageKeys":{}},"BYZL082OuBks1piI4nOOdYroxEnDhlvMX2w1+sdEmSMc":{"chainKey":{"counter":0},"chainType":2,"messageKeys":{}},"BYu4g2MBRRQMCWANIqLak9ItaUdUXzupshVKTD+deVhZ":{"chainKey":{"counter":0},"chainType":2,"messageKeys":{}},"BZL8MgcBS/qNVaFOU+VWaFaL2e7m/8HR8C9Z2n8phGIU":{"chainKey":{"counter":0},"chainType":2,"messageKeys":{}},"BZxGU24rs5y4c/llWymb0t7jRnE+ojjC86sRfsIuqtI6":{"chainKey":{"counter":0},"chainType":2,"messageKeys":{}},"BfbWt5QL1/jYKF32kknKIYDlJ8NvwVmiUvuDtLE0rk1T":{"chainKey":{"counter":0},"chainType":2,"messageKeys":{}},"BSlNhsKHEr+5U5cfvPqZKAosXDINm/qRine094jYC/xe":{"chainKey":{"counter":0},"chainType":2,"messageKeys":{}},"BRu5MElVbT+yGUXO8eZHrwOTaBokYIPybYIUZw5wbPVJ":{"chainKey":{"counter":0},"chainType":2,"messageKeys":{}},"BaFVhCclo7CB1XfUjgPwbLoBNpsej+/TXu3iRr0M+dQ9":{"chainKey":{"counter":0},"chainType":2,"messageKeys":{}},"BW1nM5eKOQp+c7wyZGlimJVHIw4NaIuG+kYH8zHl8ph7":{"chainKey":{"counter":1},"chainType":2,"messageKeys":{}},"BcA6Su5MfzlsVF99F9Vh2r43G80cy97EnJHDXaApxfBt":{"chainKey":{"counter":0},"chainType":2,"messageKeys":{}},"Bcc9kSsp9A9TSYX/oKEdmFvgc0KpG+1+Ugv1754bQkMp":{"chainKey":{"counter":0},"chainType":2,"messageKeys":{}},"BQaTSptpga52LoZHPPh/Nd4CadEhdrv4Iu1F2va5uwY8":{"chainKey":{"counter":0},"chainType":2,"messageKeys":{}},"BZ54k39fx+Z1BHX25MLpg4nfHIqd7R4sctgnFod6LrBs":{"chainKey":{"counter":0},"chainType":2,"messageKeys":{}},"BclYj/iRX5MoacBLwPmfVkiq+aL814Oy593SeV1jxBQv":{"chainKey":{"counter":0},"chainType":2,"messageKeys":{}},"BavUBBgZHQ1i1WHNqw/ukVxEmBJDrN8QE/mX10Ubh9wV":{"chainKey":{"counter":0},"chainType":2,"messageKeys":{}},"BSv71LcqOdrllSswSpXV22xve4U4QkwUSVizRWvozrcX":{"chainKey":{"counter":0},"chainType":2,"messageKeys":{}},"BdghOcSVSchzGtnR56TR8Me7dmy/vfP4jHGNwH6so4Bs":{"chainKey":{"counter":1},"chainType":2,"messageKeys":{}},"BRmEzvwU5oDan8+r0YSsiHTS/xK5umcdQ5ddXRLjEaU6":{"chainKey":{"counter":0},"chainType":2,"messageKeys":{}},"BQr1vOtOvZ5X0QngsCGtl/8FPi2sqFnf5o4fF7LqZl8t":{"chainKey":{"counter":0},"chainType":2,"messageKeys":{}},"BeYTIu5+U2DYdQJHaRPl+XqZsxTH64y8b/tm/5AQNekv":{"chainKey":{"counter":0},"chainType":2,"messageKeys":{}},"Be6sb2waioCDQgU7BVWXLfy7DDfAaRQ40/BEkQQsFawb":{"chainKey":{"counter":0},"chainType":2,"messageKeys":{}},"BTA4bfIoHsuUX1Ez7JaR1bMLohCBKhJOf2Hp+71htnF4":{"chainKey":{"counter":0},"chainType":2,"messageKeys":{}},"BS6s9q2A1401XBfgahoKNQ9B8jV1c/8Mf0TYuJ1kSLU7":{"chainKey":{"counter":0},"chainType":2,"messageKeys":{}},"BdEAhJsr3UYW4nrfP0tIyPunxKxPubr85Pi7ZUgRz/ho":{"chainKey":{"counter":0},"chainType":2,"messageKeys":{}},"BYAidLd2kMcM6Yv7lPUCPsPtGrmm1piw9IMMHVIUL31K":{"chainKey":{"counter":0},"chainType":2,"messageKeys":{}},"BZk+t8VL+TkftDhQHaOw2PPtjzLA+Lz6HzLBmOng5CRX":{"chainKey":{"counter":0},"chainType":2,"messageKeys":{}},"BYzFNK3v1qOUqq3FLqBRMuvx2o57zuewYlBjnuaSMGYK":{"chainKey":{"counter":0},"chainType":2,"messageKeys":{}},"BcpLg3iBOSJPTFw3AqapoG8TgeLfYwl/gR7sgUiSRGVt":{"chainKey":{"counter":1},"chainType":2,"messageKeys":{}},"BZHpn0i2ZXfkrGje7yDicYyW6mjtw0Vq/j1rViWOhede":{"chainKey":{"counter":0},"chainType":2,"messageKeys":{}},"BV0W9eJeh544HmJ6N85yq6eARjiPmOSPldSiXLQqSkoP":{"chainKey":{"counter":0},"chainType":2,"messageKeys":{}},"BWVD2ezvVL4STJG7Br/aOgcICCVMwlEiZjcCnjHNGiZ9":{"chainKey":{"counter":0},"chainType":2,"messageKeys":{}},"BYi12wsEKGDJAyytqWCglxSVvEW7/8hP8ilRHPzi1b8P":{"chainKey":{"counter":0},"chainType":2,"messageKeys":{}},"BXgm7ICjP2T6BPiADdh55puzK1gputkM+OxQwHnbuq8L":{"chainKey":{"counter":0},"chainType":2,"messageKeys":{}},"BcxxynsTHBxJrSLc2ePgxKg2x97+vrYxIOhfgdMKSA1Y":{"chainKey":{"counter":0},"chainType":2,"messageKeys":{}},"BYdG0SOOyR6vNdEFC6gPUmC+BAvkhGmcaFtESpkgec0S":{"chainKey":{"counter":0},"chainType":2,"messageKeys":{}},"BY5DXFWZksax8AYZ7Mh5bRcJGgAfGCeDcwJZKg0sRnx1":{"chainKey":{"counter":0},"chainType":2,"messageKeys":{}},"BRofZGvQoCCBz7JKHdfhXBAelmGfnZU9iab3teCqEshA":{"chainKey":{"counter":1},"chainType":2,"messageKeys":{}},"BT1aWAhop4X0g1ODUgrJ2yvfHY6QBCDapJsGEnBaoRIF":{"chainKey":{"counter":0},"chainType":2,"messageKeys":{}},"BT6t7zgQ3sdc4dyJwBkgWwQutmv7YC4XLLFXDk/UcG8k":{"chainKey":{"counter":0},"chainType":2,"messageKeys":{}},"BT8lE1IN1TesuGFOouqDs0wKGY5ToNeAvHiuCyymWQ16":{"chainKey":{"counter":0},"chainType":2,"messageKeys":{}},"BefJpeguIIWFFkLrzcfYIpBpN3zHl0SJ5kgCrlzvkBkv":{"chainKey":{"counter":0},"chainType":2,"messageKeys":{}},"BWwI1lk61B0HNTorQow50w7OEa4ok/7YMMYRM1ROTqgb":{"chainKey":{"counter":0},"chainType":2,"messageKeys":{}},"BQDd54FjbOCSgx0xH4llZda/oVpSTsfOpCre1Sa11DZg":{"chainKey":{"counter":0},"chainType":2,"messageKeys":{}},"BfIDzM1jFR04nrnjp/vWD60Ig53m6tXSax66xI55XHFA":{"chainKey":{"counter":1},"chainType":2,"messageKeys":{}},"BXj/Ef1OX//KEWeopEtV+O/P9hSeenplAK9dRgReosYd":{"chainKey":{"counter":0},"chainType":2,"messageKeys":{}},"Bf6EMEXOVo5HxYLIFayQRxk54FvMlq030FJsiKkxIzJA":{"chainKey":{"counter":0,"key":"3Qtxh5Un5aweTIlMULIdgbMPIXPacgY9mHeZaAgIq/o="},"chainType":2,"messageKeys":{}},"BYezydA/7LFIps1x416S9cS4OZKE7Nl74U7KCja/35hk":{"chainKey":{"counter":-1,"key":"0WUBX7XowvacT01tTHmXR7upZj1hKJoGgzqXf5/3pfw="},"chainType":1,"messageKeys":{}}}},"BbbJO2E7saiMyPW4KglcD/9P83ht2/WeT2ji57WsdI9q":{"registrationId":1121169393,"currentRatchet":{"ephemeralKeyPair":{"pubKey":"BaZu6voptKUEDFr0DGumSFXzKQ5ntnZm9BQcWTGpQzwD","privKey":"0JxYvQBiR1RcuOgxwXyxQI0Hbzj+tU+UGHz28ZqSm2k="},"lastRemoteEphemeralKey":"BT199rUVUN6AUZs8hv41zLjLNI5podSn+cqiApxxUnBy","previousCounter":0,"rootKey":"fhkGTDPCg7r/UeUn/DyH9VBItxiHcaxmMzCB6P5AQwg="},"indexInfo":{"baseKey":"BbbJO2E7saiMyPW4KglcD/9P83ht2/WeT2ji57WsdI9q","baseKeyType":2,"closed":1696233988507,"used":1696233987787,"created":1696233987787,"remoteIdentityKey":"BePffKh3uI8vMUNGM26WNM4KqEdlzA3gQErBq8EoG6AX"},"_chains":{"BT199rUVUN6AUZs8hv41zLjLNI5podSn+cqiApxxUnBy":{"chainKey":{"counter":1,"key":"8b1HutgV/HPdQXLWH0n2u9jW2COrPQGi23qmyC3zcYM="},"chainType":2,"messageKeys":{}},"BaZu6voptKUEDFr0DGumSFXzKQ5ntnZm9BQcWTGpQzwD":{"chainKey":{"counter":-1,"key":"vGc36O/AcP1jpOeP7ogllVrBqdyfRBqucnPrz2yoi+4="},"chainType":1,"messageKeys":{}}}},"BaSUHj2bn51+cAe0q2rfccswS6e10ubOZrIIItJ/2t9h":{"registrationId":1121169393,"currentRatchet":{"ephemeralKeyPair":{"pubKey":"BYQ7LHeHZKyMsFoTE7Hp2s6KS9OVSSKlCJMt/UJvpVNc","privKey":"CElN7Q7tbKxlo4wUZsem2cPlbcHlZ3Eli2K3WEoT4HM="},"lastRemoteEphemeralKey":"BW+l0maqE5WC1+tGNCEXlwJ67EXanUiFAVDSfCqGVFIQ","previousCounter":0,"rootKey":"bMjXC0XrQghxcjGaNGUVFlvZn+QBxHG4B8tM/6pbyIw="},"indexInfo":{"baseKey":"BaSUHj2bn51+cAe0q2rfccswS6e10ubOZrIIItJ/2t9h","baseKeyType":2,"closed":1696233992259,"used":1696236623086,"created":1696233988508,"remoteIdentityKey":"BePffKh3uI8vMUNGM26WNM4KqEdlzA3gQErBq8EoG6AX"},"_chains":{"BfSLs+Zv56fpLTqgI5SrVmvPtvYwFQfkm6FLc8KW+GcF":{"chainKey":{"counter":2},"chainType":2,"messageKeys":{}},"BW+l0maqE5WC1+tGNCEXlwJ67EXanUiFAVDSfCqGVFIQ":{"chainKey":{"counter":1,"key":"vgacaYwZT+yfOfl607qjeniv8doaCQ+HJjATPW9X/W4="},"chainType":2,"messageKeys":{}},"BYQ7LHeHZKyMsFoTE7Hp2s6KS9OVSSKlCJMt/UJvpVNc":{"chainKey":{"counter":-1,"key":"N18Q8c1vWv9jW/w4pjgZ0KGuaS0YWF6Cg3tKXj2NKTQ="},"chainType":1,"messageKeys":{}}}},"BVYxN7Rlb05paAgSAIlOotaXg7sU15PEivsBqT0giDcO":{"registrationId":1121169393,"currentRatchet":{"ephemeralKeyPair":{"pubKey":"BUkO0vH3ZoZSPQSP+MYAO5CG/yIbiNmK7pnTyG9PgcAm","privKey":"YHNobZnfKX1sqNemhway/hvgig/rrMaOLHQvNhZAREM="},"lastRemoteEphemeralKey":"BW+l0maqE5WC1+tGNCEXlwJ67EXanUiFAVDSfCqGVFIQ","previousCounter":-1,"rootKey":"QsH0b0HEG8dBRBhlU26qzltXiQBa+MJnv2F/uh69J6E="},"indexInfo":{"baseKey":"BVYxN7Rlb05paAgSAIlOotaXg7sU15PEivsBqT0giDcO","baseKeyType":1,"closed":1696236560883,"used":1696233992252,"created":1696233992252,"remoteIdentityKey":"BePffKh3uI8vMUNGM26WNM4KqEdlzA3gQErBq8EoG6AX"},"_chains":{"BW+l0maqE5WC1+tGNCEXlwJ67EXanUiFAVDSfCqGVFIQ":{"chainKey":{"counter":0,"key":"ncwveGbFXn3D8oVaNZUOOENB+zdGM/2uMJSLdCvGITc="},"chainType":2,"messageKeys":{}},"BUkO0vH3ZoZSPQSP+MYAO5CG/yIbiNmK7pnTyG9PgcAm":{"chainKey":{"counter":0,"key":"/vqDjfywyqm/WcVXRYin/iTAIRKTLSdedU6U3nl6fSw="},"chainType":1,"messageKeys":{}}},"pendingPreKey":{"signedKeyId":5,"baseKey":"BVYxN7Rlb05paAgSAIlOotaXg7sU15PEivsBqT0giDcO","preKeyId":8030493}},"BTWEfMgJiKk/7tbOHZAp5mm+oGuZZk6MHcUSeWF/VIpv":{"registrationId":1121169393,"currentRatchet":{"ephemeralKeyPair":{"pubKey":"BSIiRWhFkGC547F24cqCwp6WOvCw+a8v7aorlRrMmM1H","privKey":"QNw3qFjJLjxbGJO/aCP0KHW74vGUrBscUu+PuJiUHF4="},"lastRemoteEphemeralKey":"BW+l0maqE5WC1+tGNCEXlwJ67EXanUiFAVDSfCqGVFIQ","previousCounter":-1,"rootKey":"II3aUZSedi5eI9lQ0r386sd3MpSc7KGAgI9z0faanYc="},"indexInfo":{"baseKey":"BTWEfMgJiKk/7tbOHZAp5mm+oGuZZk6MHcUSeWF/VIpv","baseKeyType":1,"closed":1696236625290,"used":1696236560879,"created":1696236560879,"remoteIdentityKey":"BePffKh3uI8vMUNGM26WNM4KqEdlzA3gQErBq8EoG6AX"},"_chains":{"BW+l0maqE5WC1+tGNCEXlwJ67EXanUiFAVDSfCqGVFIQ":{"chainKey":{"counter":1,"key":"Jkep2xKqd2M4MV9t6pFoChEvzCMkQ+m/N/vYQQutZlo="},"chainType":2,"messageKeys":{"0":"udFUzaIy3PA7p5PZXt7cxMlBgsK+eN+TxrJpwT6Tof4="}},"BSIiRWhFkGC547F24cqCwp6WOvCw+a8v7aorlRrMmM1H":{"chainKey":{"counter":0,"key":"h2WNamYsIsF1TP1qI1F2XYf1f/zo11g7fMCDV+pH2Js="},"chainType":1,"messageKeys":{}}},"pendingPreKey":{"signedKeyId":5,"baseKey":"BTWEfMgJiKk/7tbOHZAp5mm+oGuZZk6MHcUSeWF/VIpv","preKeyId":8031146}},"BZ2+MOd/EaxQTEGu5z01zZ1VutvXBOSsFLozaQz6U+BK":{"registrationId":1121169393,"currentRatchet":{"ephemeralKeyPair":{"pubKey":"BU84QMnG087MrrmJiQx13rbl8xmBLneFiy0pWiGU8S5S","privKey":"QGmYsW/NYDy8lNSSs5JCrwIBT0Ff1EXk8eyHkxNAg04="},"lastRemoteEphemeralKey":"BUks4fBW9grOmmfwPhGhaL65MZIt7RkzP03z3n0srvhI","previousCounter":0,"rootKey":"12N3xMpLZJELGbDfh32GpcF67QB/XqeB2jSxTpRTMns="},"indexInfo":{"baseKey":"BZ2+MOd/EaxQTEGu5z01zZ1VutvXBOSsFLozaQz6U+BK","baseKeyType":1,"closed":-1,"used":1696236625272,"created":1696236625272,"remoteIdentityKey":"BePffKh3uI8vMUNGM26WNM4KqEdlzA3gQErBq8EoG6AX"},"_chains":{"BU84QMnG087MrrmJiQx13rbl8xmBLneFiy0pWiGU8S5S":{"chainKey":{"counter":-1,"key":"5rP7IcGgPnuaEUMzvRUH0AzNuaSLRzcP4vxrKpdKrX4="},"chainType":1,"messageKeys":{}}},"pendingPreKey":{"signedKeyId":5,"baseKey":"BZ2+MOd/EaxQTEGu5z01zZ1VutvXBOSsFLozaQz6U+BK","preKeyId":8030499}}},"version":"v1"}