{"_sessions":{"BcKaf/n79Sjt0K1aH+WqvIUXEuEsHBzKuSOm4/Z9HkoD":{"registrationId":1018570561,"currentRatchet":{"ephemeralKeyPair":{"pubKey":"BY3xuVwo0S5QStRtFC5+36pb2lBxgpqFI4suQSaqb+A6","privKey":"+MpIWmJBSHEbQUKvPmNnTMhfRw72xzcPWuzqi7lP7Wk="},"lastRemoteEphemeralKey":"BQqpulrmXxz9OoXHKxmwqvY9vIDab7jG5dsT7PwM3tUR","previousCounter":0,"rootKey":"tCDWZ91OE5ukBtW8GwsbNJTa66+LKea1ro5YI9fJxQM="},"indexInfo":{"baseKey":"BcKaf/n79Sjt0K1aH+WqvIUXEuEsHBzKuSOm4/Z9HkoD","baseKeyType":2,"closed":-1,"used":1694578138913,"created":1694578138913,"remoteIdentityKey":"BTl/4XvUUlRezIxqK/6sAuuN/NElc0W/0srfXrJYaH1I"},"_chains":{"BQqpulrmXxz9OoXHKxmwqvY9vIDab7jG5dsT7PwM3tUR":{"chainKey":{"counter":1,"key":"wqJJ3lvhv9nSBqCZtxLRPSVqW1+kOlq5s3Hfud5DnvM="},"chainType":2,"messageKeys":{"0":"dTWhi3jeZsFF7XIwAy/WXZBcmqv5IEe9ekykHTuQmN0="}},"BY3xuVwo0S5QStRtFC5+36pb2lBxgpqFI4suQSaqb+A6":{"chainKey":{"counter":-1,"key":"h8R1m1gxFQ4ukEPyTkKnhIf1nvHbRPv7vulX2PlJqM8="},"chainType":1,"messageKeys":{}}}}},"version":"v1"}