{"_sessions":{"BRgcasc2Fdk5RuNaK9sZ4KilqpldLK0SRS+1rWtE9LMk":{"registrationId":11865269,"currentRatchet":{"ephemeralKeyPair":{"pubKey":"BfwGLqN50/1psMo4kO+zx9cnTnpQ0NfHrpYtenuix7pb","privKey":"IFivb+r391Iayw08bZyWh3EdFfruwCZpxnVHb88h7lY="},"lastRemoteEphemeralKey":"BXJZRqVHdBNGZTLJCNqK43J4Pmgvrjuf0Df/txWMPGs3","previousCounter":0,"rootKey":"G94VhLwoAsrz6XMepGxKGEzRHjA7VjGgbQzB67ssj1Q="},"indexInfo":{"baseKey":"BRgcasc2Fdk5RuNaK9sZ4KilqpldLK0SRS+1rWtE9LMk","baseKeyType":2,"closed":-1,"used":1694752173550,"created":1694752173550,"remoteIdentityKey":"BbI4fm85ZWoibIm22x5keTgC9eb2WlqXwAqPCkPCR4RJ"},"_chains":{"BXJZRqVHdBNGZTLJCNqK43J4Pmgvrjuf0Df/txWMPGs3":{"chainKey":{"counter":3,"key":"kZWt1B/m4g0x1c5tk0ieX1SPC3Y0MbtnmP/MD9364kU="},"chainType":2,"messageKeys":{"0":"dRmNgZcGjyRXtGUC0+7IdHrlGhJiC0Bjetxv+DQDIwU=","2":"NkmaYrFtpbvJ47zaRinBfjW6YYD7RSNF3lH/b8+3C3s="}},"BfwGLqN50/1psMo4kO+zx9cnTnpQ0NfHrpYtenuix7pb":{"chainKey":{"counter":-1,"key":"BBGODhLsLBKWUlKour5018IyZDovpFqBtByMklkXO1g="},"chainType":1,"messageKeys":{}}}}},"version":"v1"}