{"_sessions":{"BXZ1d5f7L9P/85ilgk9ErkBN4u0ExA6jRWv3mSp2IxZ2":{"registrationId":12927,"currentRatchet":{"ephemeralKeyPair":{"pubKey":"BZWb5aYBuKIQGH9dJkYd04hEZHeT7SehI2YE/VtNOUlo","privKey":"YNf56N+ca2BCdqJGEA9NmN5KKRqwjaIcGwoYdne03E8="},"lastRemoteEphemeralKey":"BSHGACagakkcCVew6IfGVlFb/HV21eINhucKTP+f2c8D","previousCounter":0,"rootKey":"30qhrSexCqWBM0GV22mQLAlSwJtCU+Rp/8yk+a7Pbus="},"indexInfo":{"baseKey":"BXZ1d5f7L9P/85ilgk9ErkBN4u0ExA6jRWv3mSp2IxZ2","baseKeyType":1,"closed":-1,"used":1694516288913,"created":1694516288913,"remoteIdentityKey":"BScw0+8V/WUgJYQvJlVo7/NPPQd/DkWoKQ8YgzCY5NoX"},"_chains":{"BZWb5aYBuKIQGH9dJkYd04hEZHeT7SehI2YE/VtNOUlo":{"chainKey":{"counter":0,"key":"ct4d2OM1uUnVWvHsX3RdQ+dM9H7PjmvTegqxHzIyuIs="},"chainType":1,"messageKeys":{}}},"pendingPreKey":{"signedKeyId":2,"baseKey":"BXZ1d5f7L9P/85ilgk9ErkBN4u0ExA6jRWv3mSp2IxZ2"}}},"version":"v1"}