{"_sessions":{"BXcO5pWGrC7yhWvQunMWR4bElYdz0hdpB6RxrRVifJAX":{"registrationId":1369750221,"currentRatchet":{"ephemeralKeyPair":{"pubKey":"BUcWrFjpP1/0dOD2OQ8X9tXZXazsuk2aA4lHyQSaVmlR","privKey":"iJ3I0+7RzPs3tAsUGCYkCddK8vjGgCHss04HhgMwPmQ="},"lastRemoteEphemeralKey":"Bf+RkbzzjYKfrM021jCFMZIPk4VYH7D3VlqPJJrdw7s+","previousCounter":0,"rootKey":"OCwUs4jXumpWHv0U4iazRTXlOiXOXX5LxT8/k4v2Hxk="},"indexInfo":{"baseKey":"BXcO5pWGrC7yhWvQunMWR4bElYdz0hdpB6RxrRVifJAX","baseKeyType":2,"closed":-1,"used":1696233973218,"created":1696233973218,"remoteIdentityKey":"BWNEoUbqAtMxx/SBs+A9XVbe/B2nnOcr3z7FPyui5VAb"},"_chains":{"Bf+RkbzzjYKfrM021jCFMZIPk4VYH7D3VlqPJJrdw7s+":{"chainKey":{"counter":4,"key":"AGlXbdk6zuOWh5bVAXjTHbj1h8VHH85Ppdag78p5fYw="},"chainType":2,"messageKeys":{"0":"cS1aNqkq1gJu6LmXJ2AizcKkEmXUMZC7bgwcTUy2fp8=","1":"fPO93dfNCRp9nGHnmyLlDfxOc1raclxwN89WQ2OWrI8=","2":"I04JzVWPpmb8akKHWuBTHQBz8s3LJWAilyR6IkolY40=","3":"BwvtlUTa73iyWs+VHEBkBdbpVSaAk2QVOmXnoROCkA0="}},"BUcWrFjpP1/0dOD2OQ8X9tXZXazsuk2aA4lHyQSaVmlR":{"chainKey":{"counter":-1,"key":"t6AqNDbKFD56OgZCW2nm4OqM7i74Bfqmlwyo7qbGN38="},"chainType":1,"messageKeys":{}}}}},"version":"v1"}