{"_sessions":{"BV+VUIhwTrUry9aQ8KtOLQ72ZaBwIoEuPF+9r9ifvKJN":{"registrationId":2073247246,"currentRatchet":{"ephemeralKeyPair":{"pubKey":"BRt+XMsfBM7PnXXQKlGPAZaVs6y4T+Xpwk7s61DFu9Qe","privKey":"oJr+/7ifGHDctvi6kT0VynS0sOuUVK1tOHbwvzj1SWE="},"lastRemoteEphemeralKey":"BRBnGRciWsEjL7SU3AE/mdfOxu1foxxAENUgPEXwfNhr","previousCounter":0,"rootKey":"hN1kCdPWzvo1EbaNQT5edBGyrhcFYuYafv+lgf3G0wQ="},"indexInfo":{"baseKey":"BV+VUIhwTrUry9aQ8KtOLQ72ZaBwIoEuPF+9r9ifvKJN","baseKeyType":2,"closed":-1,"used":1694515781890,"created":1694515781890,"remoteIdentityKey":"Bbulij4UtlNSDCTpvUoLtINDLLcZgw0lvECUNHxn2TBh"},"_chains":{"BRBnGRciWsEjL7SU3AE/mdfOxu1foxxAENUgPEXwfNhr":{"chainKey":{"counter":8,"key":"1PMqfIfrCggaQZ0apmgiCWZKNXC4a6H363bkzCiJgaQ="},"chainType":2,"messageKeys":{"1":"459pt3XYoJgKm4f1oW6IH8SGJFeqxtKZDRipvSf9KYs=","2":"vRfff0JofDLZJC0LBDKNElkoH+LmEK6EygltN00xaEU=","3":"doT2RfOSmERpo8KRQFhJNWDsuaDSv+6DYpn4ze4F2yU=","4":"/csR+8juRP5dpZlQKwKkUqIThfV5iPwnTYU5SUKv+pE=","5":"to0llvGQ4OG5W42PL7x6iQrmBwnv1ZSGxPyFZkvAzDc=","6":"8E3pns9OJtWMK+J2VouJj6Kw4+dYYTP0yIXHYZo7K2E=","7":"a1H2UukVarlLq4dP2EQy3HH44CnP9jcs2cKXesX+S18="}},"BRt+XMsfBM7PnXXQKlGPAZaVs6y4T+Xpwk7s61DFu9Qe":{"chainKey":{"counter":-1,"key":"K0BHYHtLT1cVU9/J8QW40nIgLwoJwF5rqVrAxog7eik="},"chainType":1,"messageKeys":{}}}}},"version":"v1"}