{"_sessions":{"BRYI1kNOvdufy6ldJuJuHN9BZ/5W8KHvS0Vn06RP+EFs":{"registrationId":657734699,"currentRatchet":{"ephemeralKeyPair":{"pubKey":"BWAmVxbLSEiPI5Wl+Kc5dS+9eYp3fAvAXNd38pmFzW8M","privKey":"ELKSbaDJSkD5kXqF3wMaSxBYD80K3jsrXPa5SHWOiXk="},"lastRemoteEphemeralKey":"BXNBhxus3bxtrcBDw5P36LxrNkTqs74uJ+lcopVr1rZu","previousCounter":0,"rootKey":"54kfFT4LfeMBUvWmxFa3c7vSLK7dDjWt26DqHBsHB8w="},"indexInfo":{"baseKey":"BRYI1kNOvdufy6ldJuJuHN9BZ/5W8KHvS0Vn06RP+EFs","baseKeyType":2,"closed":-1,"used":1696233981211,"created":1696233981211,"remoteIdentityKey":"BR1sLj5LNQLfTsQZIRJIvLqG4U0ehFcG7YpgNIdFMXZe"},"_chains":{"BXNBhxus3bxtrcBDw5P36LxrNkTqs74uJ+lcopVr1rZu":{"chainKey":{"counter":27,"key":"QQ5kjaKoxWeyve1mb1HFLD3QkXco4UBgHtz3OAZHQDA="},"chainType":2,"messageKeys":{"0":"nrAyB+x8ALjv9PanmfQEkMCc5JBJr71Y1aunnhKKumY=","1":"xlnCdJzEwel+6FrW7h8NmGDlk4+4kinQwoJJutVjFWc=","2":"7xojI9b84RR3gT69Z/hsvPIvxlUdwFZs2JkoI/fm5t0=","3":"DbKyKUrG8e2RU0do8sGG2/DhxHi9EgmwaHO6q6WIALg=","4":"eOjoQrTOZ4JMdF7hW7axfb9HLFi8YFuJUaWFh3DVbpg=","5":"vlwTwNq/GOBNw2UcVSruvIwS6MJ/UbW3yA2j5bhDJMM=","6":"rqw0YktluivfQ1fZYrkE3IlLDxnHbJ5lkZxxrVfIGo4=","7":"b/qYn2vl34VgIYq6VifIlX6kOErdJTkEQ27kYfOn9cY=","8":"JEUYy+7JrjDl/4azNypQUA51fG9sMcd7X+UmtTNta7c=","9":"aKFD/Lh/CFsqvFl7JjJcCaKO39f+ri5nxZpPUTEOvPM=","10":"Q5+ePAS5PFHyxR8eKzUKK4h5fxiJ5Lm49PnMsq9XLA0=","11":"S7n365qGtKh/9JDrJOnQ7fSNZz4zIU0+3Lh142g13NY=","12":"BOIA45qKOdgiEiqQ4xtnFjEAAsDSt4rlXEw4YV3B1Cg=","13":"hIsptS+6ijEltxhwDBYECAFH+OD0xN4XWhJ9irwaZsc=","14":"CY+tBZD4goKrLDGjBVD+I83kdllOWCP8Cmvgo91FvT0=","15":"CiRiItI0uoZoe+NPFDlz3dRN+hQxOcNdj+YDJjhePc0=","16":"iTOh5AJzje8mwqvdsBjEgyo4i6F1LuD0sDxPlEMBp9M=","17":"FX9wtrwqDoBLyGBLeAO2aw5plSaQHrxxIkDvdG5wUTU=","18":"HnSPCeZz+Fj5hsP6Hd+N0F34cDhYgh8TkZv8M2GxVQM=","19":"6X4xum30TXnosXi5r9xLGTVhMIbqIC06pJ51gVjdgZ8=","20":"KwXmDvpyNs2AcE9TxSqkSODDKfa0MmZqf8TUyrUjVA4=","21":"b3qvR7CWJwqQAzfrF7XwiRMN2PJzgAtJZOGAQ2wnccc=","22":"Jv9m+GLEs2+KBrcZnNwdDIZ8ieLacbi1/l4jQgMIftw=","23":"akrhlFiaoovohz8x+bkCMNBUqwbLU/JFzWnFDG+WOI8=","24":"62sW9rAS7EURLUxmUS9IahrcN8iEHm1J2WAXByvRYPQ="}},"BWAmVxbLSEiPI5Wl+Kc5dS+9eYp3fAvAXNd38pmFzW8M":{"chainKey":{"counter":-1,"key":"vud/g9oMkd+XTIOy9FI+K5fiIzmXzHWUloORUY79qi0="},"chainType":1,"messageKeys":{}}}}},"version":"v1"}