{"_sessions":{"BfsyFfrPxU96eJvlU+iuyL1A+Fb0Pj92GcltAbvP18cS":{"registrationId":1225610644,"currentRatchet":{"ephemeralKeyPair":{"pubKey":"BcbAayum6BPyCI2uejb29fWTs46dpFHz5Ux5GDiHX9QB","privKey":"yH4czM0Ttph6YismS9szocJqoXCEaSQWwG7+DaMoEFs="},"lastRemoteEphemeralKey":"BWiVfsp2+VpBOfE/g+5v1fSnizUaL+OUTcsI2Uaa91Rc","previousCounter":0,"rootKey":"r4mjYeihyrO8ek03BHAZZeJOq7EbZl56ua+lu+9VIcg="},"indexInfo":{"baseKey":"BfsyFfrPxU96eJvlU+iuyL1A+Fb0Pj92GcltAbvP18cS","baseKeyType":2,"closed":-1,"used":1694515781063,"created":1694515781063,"remoteIdentityKey":"BS2zOlYB0qlUjM5a/9/QHPQ3oUHJOsqtMZq45+kDPB1b"},"_chains":{"BWiVfsp2+VpBOfE/g+5v1fSnizUaL+OUTcsI2Uaa91Rc":{"chainKey":{"counter":17,"key":"6X1GrYqbU4cQP68Lsk2cN2mRnQZRZQxlafKNF65A9aw="},"chainType":2,"messageKeys":{"4":"S8zn6Pu5q98scsHOIyFTuCmCDweAere3TPDKOALlAF8=","5":"hejtUNQM1cRYi9PMVPIlxpTMXyg0l352m/YPz4um0l4=","6":"ixZiXz7b4GA4rIamqkSqSe5NvoPuok8qvwhkcG0CJeg=","7":"YpGnEeDs3e3zLfcvaUFvUJPLYrq0yFIGp0A72mzkths=","8":"NMNajkY+K05L12j44ZwiFXbHYYYUF4niivYLoIjRWs8=","9":"Oy+ljLHN8Wk7o9SHrIXHwgPklNXBkyws/+96rPM2VCs=","10":"+Gwez4tbAst/J8SZO20euot7GQYDQ3nrxj7Rlh2yzTc=","11":"B9k7FpWlE23/ZQK9psUGh5xs5fv4Qu5bisbEfKVDq7A=","12":"iHZ1FBjIyUx5zMAWcGeveKE0bkl1GVAm60e5NSJAmUQ=","13":"9YWfxqLaBXFVpIGTZNSBB6KnTfd+J6DgO5QdKRyicYY=","14":"6QU3/b3+L4uJn2+eKtJmmZY4+8Mimmv1GEPQ1Er6i+g=","15":"Ic5tMN45sfDBn9Y6LBeZMLupQ2FoqYdOoE7WOtwu24c=","16":"6WNvFwiIeOXT65bPb2nnB+dzVSC6O5KTwsScYZOL02Q="}},"BcbAayum6BPyCI2uejb29fWTs46dpFHz5Ux5GDiHX9QB":{"chainKey":{"counter":-1,"key":"bDLWdIZnqLU+CWpk4Yif7Ne35IqZ3+apPhsrJ86de6s="},"chainType":1,"messageKeys":{}}}}},"version":"v1"}