{"_sessions":{"BdfXuUhZNmkhtWpTdUqAt15z1ik4kV8PQnql350qirsT":{"registrationId":911651137,"currentRatchet":{"ephemeralKeyPair":{"pubKey":"Ba9w60jRy3wYe9U+XEVBrjXAuzsCZP/ISabaOm1RIhs+","privKey":"YEvoHNisyeNAD+QNKzVU/OCI2YYzDGMPyz0XWuHH1Wk="},"lastRemoteEphemeralKey":"BS15zeJ8f9myREvyfKM47S9nNo61OYQ+3golSfWBLsZA","previousCounter":0,"rootKey":"9yE9Eucs7FvF3JDjrB1XMMlwB7X08q2rcAaz9Sa5OQw="},"indexInfo":{"baseKey":"BdfXuUhZNmkhtWpTdUqAt15z1ik4kV8PQnql350qirsT","baseKeyType":2,"closed":-1,"used":1694752159428,"created":1694516287306,"remoteIdentityKey":"BTUfwhOuOOetwRZ3S37EtHoLUOSYkjFg2mI5xqeR2ZNE"},"_chains":{"BRv+6gvYiyr6357r9bnEDqBOUM3BFoAqV8fYp0JtIaV4":{"chainKey":{"counter":1},"chainType":2,"messageKeys":{}},"BS15zeJ8f9myREvyfKM47S9nNo61OYQ+3golSfWBLsZA":{"chainKey":{"counter":2,"key":"d5NS8GAJ6rDx45lzSlTIozEC4M4FRBiJLiHRE05klNg="},"chainType":2,"messageKeys":{}},"Ba9w60jRy3wYe9U+XEVBrjXAuzsCZP/ISabaOm1RIhs+":{"chainKey":{"counter":-1,"key":"5empj9sRIXHrZfsLmBH5uJ8ioFrWHoo88EtenRu0+Dk="},"chainType":1,"messageKeys":{}}}}},"version":"v1"}