{"_sessions":{"BU1oN6PRZhX+PYf6+iKRChAfQcBhvMW5MferG9xYru0Q":{"registrationId":1973142274,"currentRatchet":{"ephemeralKeyPair":{"pubKey":"BYDm7r/xhNPBe/K1XPEILWD0U1wa1KOlfdISUS/88yFC","privKey":"SBSRLLGuJiyL7Oh07BJ3sSgxCaF7bCnbNxEk5V0BGVw="},"lastRemoteEphemeralKey":"BaNi2E4fyvi66Z7cW6PEt8A4z9vKfzCTK6sAERuGyo8q","previousCounter":0,"rootKey":"dscvNqxddW1271hPxjeSYVgvE+KanppGzkHVzqMTA8s="},"indexInfo":{"baseKey":"BU1oN6PRZhX+PYf6+iKRChAfQcBhvMW5MferG9xYru0Q","baseKeyType":2,"closed":-1,"used":1694578149343,"created":1694578149343,"remoteIdentityKey":"BVQPGFFof3qKpOkphbrSNZYSSh7//JCf4aMS/hwPy9xR"},"_chains":{"BaNi2E4fyvi66Z7cW6PEt8A4z9vKfzCTK6sAERuGyo8q":{"chainKey":{"counter":0,"key":"8Qy3/PJTu2c/SIgywQdLSQtLNeUMVwLTEzYuURcdC5I="},"chainType":2,"messageKeys":{}},"BYDm7r/xhNPBe/K1XPEILWD0U1wa1KOlfdISUS/88yFC":{"chainKey":{"counter":-1,"key":"3F0+9t13BEh4NCTwcjEDYYsPVZTLqlsxpDQphgpL8M8="},"chainType":1,"messageKeys":{}}}}},"version":"v1"}