{"_sessions":{"BdYr5eVbardlslAW+TCVhhJXSwzfKPc8furC0YzklH4K":{"registrationId":1227661941,"currentRatchet":{"ephemeralKeyPair":{"pubKey":"Bca5itAEM6oocR6n1/QTv/7OKmsvU8KS2DE8PTUIFKw8","privKey":"KIWGlZnzlZa92GmgS/2B5ZFW0Kz6UBEAFdgI57Ma61A="},"lastRemoteEphemeralKey":"BVjCsHNK8JSpPhObCWNZ9Ha9tns6bSgUtBk4WWwrmiUo","previousCounter":0,"rootKey":"TZ8dns8QTp7cLJbDLsjDfD/+/I5lkEsWoJL5BGhqs+A="},"indexInfo":{"baseKey":"BdYr5eVbardlslAW+TCVhhJXSwzfKPc8furC0YzklH4K","baseKeyType":2,"closed":-1,"used":1694752167891,"created":1694752167891,"remoteIdentityKey":"BQdkZz2mTnV6632cwKd1FPuIQFnn+hcoD0Ov+QfwUcpv"},"_chains":{"BVjCsHNK8JSpPhObCWNZ9Ha9tns6bSgUtBk4WWwrmiUo":{"chainKey":{"counter":6,"key":"gqpmZBNNG/iiZk8Atz2iLjEtlbbyZC8m/Z1qzlBOTDE="},"chainType":2,"messageKeys":{"0":"5tB2w6SwDos7HLJNn4VtDjz4VQm97d1JDpYz98rgkqc=","1":"/alZXIHnkqtc8B92m9eAdrWbI5KGcxSGYM1EIBraY5U=","2":"1ZTVpaKLfGN5ppACvCNY5fB3L0Si+7NTNVerp7SwzzU=","3":"YhsPmr4kZUdKYE+ClNRO+OfENgHyv6xPtKQxpL3elzc=","4":"ZjkhqZm4uk4lt3UGxTsv7ULyGWylI2SCKLJmkD/6Gfo=","5":"LOeRflTU2fjlXnPeMZl3URHH+k/6dJsYPhoUaj7I9JY="}},"Bca5itAEM6oocR6n1/QTv/7OKmsvU8KS2DE8PTUIFKw8":{"chainKey":{"counter":-1,"key":"d/FXZHFzTcB/NbqGqTQeVILMjr+OULstPhg3iqju1Ec="},"chainType":1,"messageKeys":{}}}}},"version":"v1"}