{"_sessions":{"BfzGx4/hQ5cXv8goU9cgEoakmYxg43QUFgMmVYLApVgr":{"registrationId":1704816537,"currentRatchet":{"ephemeralKeyPair":{"pubKey":"Bc7DJpDWrn8eM3pFfQDU8uy5DAOepwE+GC9IzNT/+oAF","privKey":"CNL7RdEmgq4Vsw8wG4C5+UnzMoT2OVbzTIGjCL0pFWA="},"lastRemoteEphemeralKey":"BR5WNNwsfJt2X2FJv4fV+IISVgiwslOjt1HjcoMg9h1Q","previousCounter":0,"rootKey":"GvMSWX8daO9Xrz5jI4xYr/gPgyBwVlES6ed5ojdNSTM="},"indexInfo":{"baseKey":"BfzGx4/hQ5cXv8goU9cgEoakmYxg43QUFgMmVYLApVgr","baseKeyType":2,"closed":-1,"used":1694515782013,"created":1694515782013,"remoteIdentityKey":"Ba5/aVud2pXOfJN28N/4NL8V/SYJcEjCCmZRAQDnJWdW"},"_chains":{"BR5WNNwsfJt2X2FJv4fV+IISVgiwslOjt1HjcoMg9h1Q":{"chainKey":{"counter":24,"key":"ZVMptREh1spDQTt2eJYoOBY3BeD9Nsjhc/KzNnsqXOU="},"chainType":2,"messageKeys":{"1":"EgzNbNq0iiLaW1A/WbwF1yaDKYStuVAfpdZW2/kKa/Q=","2":"/tYbbK12gxLIPdGJjXq8gAEOJLLwT3mOnLSbZH1i2TY=","3":"WxBTb4VUzXzobSlrY7ZRB1/F6Xly3iNrl/thyjmzCEo=","4":"RFyOLPrzjLcekeQ9oZvBxKG83LhGiRPn59dpZoSB2ZE=","5":"GD8jGnnOXSXQSiFr1b1yurvinp93pi/mabKbgoOIkBk=","6":"sFFzPq197B2hlOug3bDEpduyCw/02IHhFXJewjHSQuw=","7":"YZ4/HWbZCaF0WfbV+scT0ugpIasYxMmipyEe4pu/hDA=","8":"qgvFiBt8TPUlqwu3/dIwm4GrslVw0+ZfiuCm6xll6LM=","9":"4gnx+AMakAy16Pzh+K3VHCLKMPHDWG9RErW+BdbO5sQ=","10":"D8P/+v6hHku8Qd7vhoEXyIlWrBhzApbNoXQmE6qFlCY=","11":"L6HwI4UXMZ5QmnSNu8UVWHhcZbqkdESiAwUAL2ayuUU=","12":"g/AgxcmhdOi3evACXetFyEZpgEm8Jl8q/d0/8QnAgdQ=","13":"7Qg89jC3++VV9ncRo7HYyRhFouKL0HMo09syqtcYT/w=","14":"B8pZP/8xj6XsNzslaYYj/wFDl1gozkqY3TZuQ8UZk+M=","15":"vVz6MQSf2drLoiZjX7L0ovNIc1nYSufDqrkVz6HtLI4=","16":"Jvk4PP5po0t/c6/BkhQqEQ0M5JcP9akrBIBpdFNNoRQ=","17":"+vyizssmenWQF78efet9pYJmBOVF5ouoOm0qfnzbrxk=","18":"4pDZAoEIQfqES3o9pxvzNhOa0qc24jDlVuoYzOt7uTk=","19":"uQNNOXesPASLiXvpliEMX14Lri0IVyZgADI7+bUnvNI=","20":"ghoO5JKdJgfQv1DxwpHZyeMexqhg/T2P+1PkCpIP+mo=","21":"N+yV+grGpsCEEQcwWqktu6xPg7ehmotWNzMehwS1g58=","22":"WEggDuypCQLwGHMU65jHicNnUA1UKVOcaJ1YnlkZI4M=","23":"tnyJymf1/+KpAX/bCEcUsAN8QrPHwU5ZZGncKbuHTsA="}},"Bc7DJpDWrn8eM3pFfQDU8uy5DAOepwE+GC9IzNT/+oAF":{"chainKey":{"counter":-1,"key":"Pqp01rp2Hfl50h6gnk9unyrBOOFZ7URY3vKzWvfA+2U="},"chainType":1,"messageKeys":{}}}}},"version":"v1"}