{"_sessions":{"BaAZeELAh/1LL6GUkoVQd/9z/L3n/YrPGRSdyFVoq25Z":{"registrationId":109950793,"currentRatchet":{"ephemeralKeyPair":{"pubKey":"BWKOsHmvheiFwP9m+zUGgDjQyyQMHsd7+rtE6Qw/qYAy","privKey":"wEAzAVxL+kyhRBClMxfM2oCQnlnSZtwhLI8Ricyhims="},"lastRemoteEphemeralKey":"BSElnRPauhrWxA7myuGJacmq3vSpSRYhlWyiZC2v6TJU","previousCounter":0,"rootKey":"X3LapxWnVDHK9Nm81YIqj/b1vVMSweUImHxhl0Aw+PQ="},"indexInfo":{"baseKey":"BaAZeELAh/1LL6GUkoVQd/9z/L3n/YrPGRSdyFVoq25Z","baseKeyType":2,"closed":-1,"used":1696233980363,"created":1696233980363,"remoteIdentityKey":"BQI1oxxhcRa9LwvIq9SERx2ATvOnTU/x7MkRkpkH9DkE"},"_chains":{"BSElnRPauhrWxA7myuGJacmq3vSpSRYhlWyiZC2v6TJU":{"chainKey":{"counter":22,"key":"mSW/hQ3v+6bruxxGWWCiZ0a4NSMqKUf3vYXPIKaVkC0="},"chainType":2,"messageKeys":{"0":"D8DoO9+fxq1nJ4heJkxv3RM3o+1wWdC/rWhaSdcXmyc=","1":"zR3ROdLIM+D5ymCGFz936qYBZ0FGEuNJ3oG3/sieXJw=","2":"l22IVMdqVKy4CTX74g/TAiswiAr1WrhhhAIPvwxfNaw=","3":"7rW8+T0tyf8zutfBCiEaML1qN+1Q/hbQQZT81QzWA7w=","4":"513Rzi4O4gR2X7XmrNcxu4p9r+5+nGDBa7nCig4sKhc=","5":"0GaoOO93xpPjB+XVOcGWFb12IhWtdmuJHHrYORdG3Es=","6":"pfVenO8MldD8HDtOlg04kEs80WjGGFxcIlEgbXXxJEc=","7":"R+1esIiol+8OVs+99ft23CiVZaiTDLhPKREFlRsO89I=","8":"dy+a3DpGdIq5xVOu59+lEVr4QoXLzYoIp6yvBB+DUiA=","9":"7Kkh6EQ5pTQRXCFpEVLtiRjrf8FiJDcUqYtklphNpCk=","10":"8mLNNiqwGsv0eczFQgM6drYMpPufZtGvNGD3jhYyI2o=","11":"cYao9YJqPy1xNwVjcrHGX3MzvZz8bUYHzfrSU3xBneE=","12":"+CvRVfpI7nz60ERqGaTjI9bUm3rFt9oGLV3rlbgD18c=","13":"It2HXRgoBKWVNbhLO7nqpUjQOmcXLXQy7uXe0tj0v88=","14":"DFPsLlFw8j+zmUYUz/3ggAyoXHzEqhXC6jOOZ3do7W8=","15":"CvfINDWdRXl1/7o8LfsO6SxY8+Yp6VyofkA+XOwZzNk=","16":"S/k0wm9uoUFoje9AeUzAkBZNDpq/uL3ESRwKKvJFbsQ=","17":"7nTCOkIZkxRNB5ISCItrzeGxN5wHjp6VWX9GVqDm+9g=","18":"91/CzkaAWfdLgmZE4vAGK5TEyUyCvn9WFdt6e9/VBpk=","19":"2Vy3TgeGk8tqLo+X6zBqe6Ix/Yi5W9g/gVIwP9K3rzs=","20":"nkzDyyT9yyDiVE4K+0l9UgIDSDsNnD5u/8fUQ5vO1B0="}},"BWKOsHmvheiFwP9m+zUGgDjQyyQMHsd7+rtE6Qw/qYAy":{"chainKey":{"counter":-1,"key":"IMjpICCzZXu7ABOzU958P6Og0h7vwmQdKVYiLBm+r2g="},"chainType":1,"messageKeys":{}}}}},"version":"v1"}