{"_sessions":{"Bb8375bewcOgsKlixH4ji77Qj7ZQj6MBilO9fTrJWAgS":{"registrationId":1081024144,"currentRatchet":{"ephemeralKeyPair":{"pubKey":"BZX16xI7+Nfk0rSBhFf6K+Fh27gsOCXdCg//ZUM0PyQz","privKey":"QARLJN4XPgW3+SoqC4pvxdJiy4Dd1hn7mwF3fFKYBE8="},"lastRemoteEphemeralKey":"BW82cmvNoF6FyXhbNDOsKjjLB0Lyd5ys50WZ3QfiXetf","previousCounter":0,"rootKey":"ZXS61ezFB3xH32nXHC+qt+HhiXpsB2TVkZFqgoL66Ek="},"indexInfo":{"baseKey":"Bb8375bewcOgsKlixH4ji77Qj7ZQj6MBilO9fTrJWAgS","baseKeyType":2,"closed":-1,"used":1696233969885,"created":1696233969885,"remoteIdentityKey":"BYujvQxLiXI+QHPIr5w5Fj4SDuWAqN79wJZkLPXKIWVS"},"_chains":{"BW82cmvNoF6FyXhbNDOsKjjLB0Lyd5ys50WZ3QfiXetf":{"chainKey":{"counter":8,"key":"4rMRERyPtvHWa0ODBbn/CiHhJcQYRugX/L8Kk1zogOs="},"chainType":2,"messageKeys":{"0":"FUzW/jYtm6A1t6++TFaN+WhCXYpXBS1fjlbC7HB3xcI=","1":"0UOiDONGN3XGwhGQFx6U43ZcWsqmPv+soRbb4VghyZQ=","2":"sv4rb8t0brKJCl2SAYcYMqfUn0M/uBmNGB2JdLPMOA8=","3":"/b1cgog8s1GtC+Ajvg/wUzuzJ3/vxLf9nRSuP2iImP0=","4":"C+yuTws9O7sZzYk0LcKCtL1+yCCKQD3Jo9e7312xqtI=","5":"RZTEmkJBt6Ihd1FpKkaCKDFCsm7h4fvpO8GpUh4lclE=","6":"gtbYFng4qAFJ5oQVnZwv3uDD40zFh+3x9VArI9kMS6c=","7":"QaQlukGGvt10Yh8+lL/4ultu+6Ib1EYni8fG8ADtp88="}},"BZX16xI7+Nfk0rSBhFf6K+Fh27gsOCXdCg//ZUM0PyQz":{"chainKey":{"counter":-1,"key":"f1WM6l5Y28xST/+Ana0oc5lE4D9WVVbXKDYN/IRl3EM="},"chainType":1,"messageKeys":{}}}}},"version":"v1"}