{"_sessions":{"BTqFbWAOrvII7uO6DZlEtImvvk3NkcpPgKuUeyq2Gv8H":{"registrationId":1343329987,"currentRatchet":{"ephemeralKeyPair":{"pubKey":"BeT+VUv4pLndevgu1HtnxI92FoSAGM/VQzqtU0lfbmYS","privKey":"uKNy7nqjXOz+K6jDuEoDy22OdrqA5/oOLCP680WM6GM="},"lastRemoteEphemeralKey":"BY49DZm3l+ezaBGZYoE9ubf03qo9RGgtO5wqYVwc9LoR","previousCounter":0,"rootKey":"eQilZQTl227wV8PnrNEq2zg/muDOf628b6FsvWlT/aQ="},"indexInfo":{"baseKey":"BTqFbWAOrvII7uO6DZlEtImvvk3NkcpPgKuUeyq2Gv8H","baseKeyType":2,"closed":-1,"used":1694515780973,"created":1694515780973,"remoteIdentityKey":"BXz20qYaMvMwlqEUEJEOYBsakBVHeaIKl8b1HXBmP0of"},"_chains":{"BY49DZm3l+ezaBGZYoE9ubf03qo9RGgtO5wqYVwc9LoR":{"chainKey":{"counter":50,"key":"pq+dirn6Kc82ddNgM1aqeuLgy8qju8n/8RleMXhIOec="},"chainType":2,"messageKeys":{"3":"Is8yhcM2aPxOnYArbET6J4RPFam6xO/m8apwqL/+4wE=","4":"pLRJiVz27ib4DpKjf/pIoYMauiHeDMoVHzvD35KdqYg=","5":"QJU+7MPCULXoVq4bohCG0zwNg9OcCrvWHFRcdCAW1yw=","6":"ZFBS6MmodQAeofvLgAAI2/yCwEwjhWhIVvulRuki76A=","7":"qR7tojIqkdWL3woeCKU1qbO5m61pzwi5yG9kqxEwPeg=","13":"Pr2vIkeqYNbaBzTvPD7srEG6qPtHXgZLNj0MbhyOYZ0=","14":"IIGUJoSxHCMaoQt2JMQXOek/cxMAE34fUolNWKyElI0=","15":"JM0xuxsSpri3Yi5PX2aqYkvqfrNX6V6IawLdZsgA4Lo=","16":"0dcMwh1XWKKPC3tGXnQ4kmraZh8YmjFm+YadgmTMyO8=","17":"iFY5huMHSoGvtlawExyo1Z1w0VyFy3PylQGixcV044o=","18":"xJxr1fkF+4lvinaMhoXPYZgjsLlJH6Hg4MXcxfnG1w8=","19":"8qxGqV5FsKwwWQ4fWDk2RBYa/mTeUhwYBNA9HsmwHpo=","20":"NsmQhLEDuYd6vLqksV25GaYLLDi4zwr4vPlfMyOujYM=","21":"G/w7qz9MygH2WsS6e3D0/+1GzKWkfeLsI0j/gQnsKy0=","22":"vRjNPTH00RaSKK76MMyPfYRYrdcJ7uhOQh4lzUEwckE=","23":"KbTpoX6E2hJJwanm9lutsCMLav2V+RqEkxfwEF20inc=","24":"Nuj7Itz51Dhci1i+IzCV68k/pGff8bqs/fz4pf2hc4g=","25":"uFFGy+fCkGU5nYKFKmEZdvhQ/4+kjNdY63gSef9Vp2k=","26":"+vWmIWGquAixT+mFDagjZf1FZPF9j3vHDYGDv7i1vQc=","27":"GOaE22cmnVRGFj0yU7s7I+/drEliDfHzSDHupZ0V9o0=","28":"l9qxdkW0cbYi5eNhbmTMTyfvH+UOnq+TvW95tJttNW0=","29":"+nyHLWwd6x788VmOWf3Dz8ltFYPBsV/oRCZCdW54Tzc=","30":"n5gk6x6yyaUhR2hiSZNxSzfyLSTpHCZoKbT4oiiHm4Q=","31":"oCrurCdRyw/As3VkvseB/XGf8hBehKmn0w5m0yvN4q0=","32":"sW7TBJW/gS9uXV8n/+0GHN11uWdltq5tk+3aprH/AsU=","33":"9S0sfZICUpMFeOJZ95Re156MVR2E5pSAArh8r4xy4+k=","34":"gxjwNSR/vVEM9QRWSs55U+LwYyBF/BI3LjzcpvOPeYI=","35":"s4kXEH4lnmu+c70/EyjJKEcUrklJEdjD1+fE/PmKvNA=","36":"yK5tv0T9/pfD8WqzQpbSBkYzkLJh1e6hl6rnlQ7GKXU=","37":"P5LUqsBFUmyrh5HlKH7B6o7Cfs3A07t0v0A97V5HX9M=","38":"oajX1BFjXWxo09N2Q5PM+UtkKSpTVZTaslSoBzW2gmE=","39":"vWyzvX4CYbRzvcn3K8TyOTSPbunovyAgJnA0XCU2seE=","40":"GKjTb7DC7puz/LoUbT+lPPWBljq6b1VfzbNK0W0ePYE=","41":"F/FXhFfxx081xVrX424245alvKtoaISzZ5BxQxFI+Bc=","42":"yGLLd3UwLppZsYzcL+WIL6AQIXDa+5qnUz/K+uZSbmE=","43":"ElOVUpJBGvqDjDFiXuon9VTa2NYc6U2WyOAOrrwedIc=","44":"dnWaT3fHzkd8TkVQ8jWKM7cT+1USYWlkm/vw/x42FAE=","45":"+xy6IDkaq/9aVgFJO8W3vkg+ldYwBt7HxPG9K+ioBFw=","46":"RJtTKSA7ZK18MbXA1VEige8qldDyZjsb8E7/ZnEM4f8=","47":"MwojFOEjx6yLBskCtVn0M4bFV+NTyqapQmq4ky2syoQ=","48":"M0aUVxNfIySmV93tv2KcrPsd3A32XOxo+FGLJtrPyMQ=","49":"LLFhePj0/LneZNW/vgfKw+oG3VKi9gxPJoEGedIpBCU="}},"BeT+VUv4pLndevgu1HtnxI92FoSAGM/VQzqtU0lfbmYS":{"chainKey":{"counter":-1,"key":"PgavnPHhr2bwVvGnZ04vqkY5tlYQsAVbUwTSsqEYUJw="},"chainType":1,"messageKeys":{}}}}},"version":"v1"}