{"_sessions":{"BTRKXrVpPxY4a4pr33szHQt4RcFLL2zLP+d673bp4+hl":{"registrationId":808402550,"currentRatchet":{"ephemeralKeyPair":{"pubKey":"Ba7BYCTuRtTAmaywR0TJo/1ype6ZZkQTtty7bpGtmQt6","privKey":"UM3QSnZLCAnR5NMJyUNEd6wfZqqSpK+6bR/lUYABCWg="},"lastRemoteEphemeralKey":"Bamm0usVc6eExLZ4SEKFCwMFOPKtTtiepGoRHHhEbFw4","previousCounter":0,"rootKey":"LjnhllkyLGWdz5hEmBDZV0N6IRTnLvXQaYjVaLfJtOk="},"indexInfo":{"baseKey":"BTRKXrVpPxY4a4pr33szHQt4RcFLL2zLP+d673bp4+hl","baseKeyType":2,"closed":-1,"used":1694752184068,"created":1694752184068,"remoteIdentityKey":"BQE86Gek3hj3QRwhj+Dswxhure9zgXedugVjJ4R2Ixob"},"_chains":{"Bamm0usVc6eExLZ4SEKFCwMFOPKtTtiepGoRHHhEbFw4":{"chainKey":{"counter":1,"key":"13IZ9MLMt23DZWSraWBZLKwljTYMmgq80VJHi3ht7zs="},"chainType":2,"messageKeys":{"0":"iZYF5j1EJ0UbzhuVWOseqBukn34PXGl+ob+1bOtvdBc="}},"Ba7BYCTuRtTAmaywR0TJo/1ype6ZZkQTtty7bpGtmQt6":{"chainKey":{"counter":-1,"key":"4eVqX/sLmscVWNk5JblGlRaUn55XmM6W1aJ5PTwO8x0="},"chainType":1,"messageKeys":{}}}}},"version":"v1"}