{"_sessions":{"BQBtjFKfXm+vBSoOLZ9XbsIVFuq1LkINGnhylt+bEVMI":{"registrationId":975198777,"currentRatchet":{"ephemeralKeyPair":{"pubKey":"BalP8+nC4jvomozeG9XVHrqP9WN/SS1dZMrQScOytlUs","privKey":"SCmAwgQDprRx+jKno84VJqP+qL87TY6Wl15DBrFg/lk="},"lastRemoteEphemeralKey":"BRppLkHYW/xbF5zQybsOPQlVLtYjAsgXVIcuNuyn7gU3","previousCounter":0,"rootKey":"r9JIXSisd1IaICtpKTkPX5htXgHGfVJ0VcCMnEBydoc="},"indexInfo":{"baseKey":"BQBtjFKfXm+vBSoOLZ9XbsIVFuq1LkINGnhylt+bEVMI","baseKeyType":2,"closed":-1,"used":1696237915568,"created":1696237915568,"remoteIdentityKey":"BeLXn5cBDKh8AAaM2dmhx+H96NlyR0gM7xD5afEmKRU8"},"_chains":{"BRppLkHYW/xbF5zQybsOPQlVLtYjAsgXVIcuNuyn7gU3":{"chainKey":{"counter":5,"key":"P1bhb/VUj86dW/4QFwwB1FZJN76dMRdDfb7c05xpTGw="},"chainType":2,"messageKeys":{"0":"TMiR4pHFhCNRkW4Mtvo8/S2XSDEBIntmDrgIqSvUGhk=","1":"1189VhAVlofiPiHB2O43le2xfiTI1S6HiLS+u8BlblY=","2":"l0Hc7hWN+TpdS+8Ypt1OboTclqdAWOqQp6XQNyJavcw=","3":"qgUG3T3OtUyhGgBqGE4GlSu84EvkGB7HZLqhnbjQUKg=","4":"o0P1eL2Nr3Ah17mv+JZQgffDxXDovhufozjuzeMtZOs="}},"BalP8+nC4jvomozeG9XVHrqP9WN/SS1dZMrQScOytlUs":{"chainKey":{"counter":-1,"key":"0NAu7ieDHhPyXJ1tsl24AacqBLS2x4oVidDhqUQXYEA="},"chainType":1,"messageKeys":{}}}}},"version":"v1"}