{"_sessions":{"BQ0fO5xwhomS4NTYElhzs0Ezcuqtow2bIdyvCF8Vx454":{"registrationId":766603971,"currentRatchet":{"ephemeralKeyPair":{"pubKey":"Bf/dpWkR4dWePKJOQlvkWq7VpWAhm4A3sfj5niJqc0hQ","privKey":"oIbAOdTokTEA5Xdj44kIFKo9zhj/qVH9iNullpI8IWs="},"lastRemoteEphemeralKey":"BaUCakpd/Bthg3O/jp49u54loRf9F3EKsMD2lo4OBIBY","previousCounter":0,"rootKey":"Sn0xFEmFXc8aA+P+4CobrFy3+JKmo34dH1n0sFWCXp4="},"indexInfo":{"baseKey":"BQ0fO5xwhomS4NTYElhzs0Ezcuqtow2bIdyvCF8Vx454","baseKeyType":2,"closed":-1,"used":1694519199570,"created":1694518414978,"remoteIdentityKey":"BUnjT1kkb5L+Sx9g/OYQ+n4pZ96qDzKItdcwYP2zmOMw"},"_chains":{"BXxUVzaoi2RmNcO6nJ/6DxX3WO/XsEvEEfYZMm7uzVIO":{"chainKey":{"counter":0},"chainType":2,"messageKeys":{}},"BUsqbgxxGGqLa/zJ5bdEcTUh1bQ+6IahGr9FxHnQOHNo":{"chainKey":{"counter":0},"chainType":2,"messageKeys":{}},"Bb5zSE1swoxwXre4+EbAm6nh5Aa9GYk14QG/ZQvbtMgD":{"chainKey":{"counter":0},"chainType":2,"messageKeys":{}},"BZyXeElWHlmg7WqJe6Uv8riFmvXGyIIcfcuQe+R9qeMy":{"chainKey":{"counter":0},"chainType":2,"messageKeys":{}},"BXS2v7DIQYt+I9YfAcMk3A2jtZFKdnW60pp0ihxvOE4v":{"chainKey":{"counter":1},"chainType":2,"messageKeys":{}},"BaB1Vi8vjhfAF6a1s7Bs5SaZSRqtTp0FFf3thNjh0PZg":{"chainKey":{"counter":0},"chainType":2,"messageKeys":{}},"BdPpWkpqw7EZhP1jUq8PSWSUtES7rOH8/x7vzj6TlhA4":{"chainKey":{"counter":0},"chainType":2,"messageKeys":{}},"BQODtfFWp29s9RVUnH+pDLzB//PVfPXWG9AL0szoF2JX":{"chainKey":{"counter":1},"chainType":2,"messageKeys":{}},"BenzkapNwpz4nlgla9OxEVu3yTlFqvtNJTD9500gXy1b":{"chainKey":{"counter":0},"chainType":2,"messageKeys":{}},"Bc+lnd+UKQ/2l9NaO5zfHKe/riJcvPueCCmmZWdUJKgZ":{"chainKey":{"counter":0},"chainType":2,"messageKeys":{}},"BUEzIjOqkPEwDe5vFVjzn0YBu2f5pTsfxVbPSnsK/wsS":{"chainKey":{"counter":0},"chainType":2,"messageKeys":{}},"BZSejQ6VSJ7j0gsqISF0IkKAeu+j23/KLz0ATmM42XRa":{"chainKey":{"counter":0},"chainType":2,"messageKeys":{}},"BfciwYhL1H4pOQkjwnMBPu+n2F8HswDBdjjd749jHJgU":{"chainKey":{"counter":0},"chainType":2,"messageKeys":{}},"BWl5AXxOTraSBww3phBPqWhqvL5BulQbTvgkvaBz3Gdw":{"chainKey":{"counter":0},"chainType":2,"messageKeys":{}},"Begn9EF1l4qgHAqA+YDuqY2ZL2BR9BKVuXX30dFuentE":{"chainKey":{"counter":0},"chainType":2,"messageKeys":{}},"BT569RcM/iW7hvRv2ACJhILg4LXn02ASY+rDaelwJqQi":{"chainKey":{"counter":0},"chainType":2,"messageKeys":{}},"Ba/0a3L9TcaE7UgTx2gRw8VBP9UdCu+bh0V/SfPV/ekH":{"chainKey":{"counter":0},"chainType":2,"messageKeys":{}},"BY0x1JRhy8UghtLnavX6Egj0HXtspDp5153HxTtX1m8z":{"chainKey":{"counter":0},"chainType":2,"messageKeys":{}},"BZzRDQaVL7aUXdYByo29KcYC2vXptjZJRU5jrl3P9h1k":{"chainKey":{"counter":0},"chainType":2,"messageKeys":{}},"BdChJFG1cb2wATen/K+Ql2b00Db3CzhofQXgLW3dkTV9":{"chainKey":{"counter":0},"chainType":2,"messageKeys":{}},"BWSST9lmzrLaopOm7GaRJNaWGNSe4HcCwsHNif1Bwl17":{"chainKey":{"counter":0},"chainType":2,"messageKeys":{}},"BQ1oz3BEr+MN1nSWjrmqlTFVinIBO/oAEiAzXoCbLLsr":{"chainKey":{"counter":0},"chainType":2,"messageKeys":{}},"BaUCakpd/Bthg3O/jp49u54loRf9F3EKsMD2lo4OBIBY":{"chainKey":{"counter":0,"key":"NAI78kzdOTsfyIVVIlGtOUJakjmqe5uwZC92f5MWUUw="},"chainType":2,"messageKeys":{}},"Bf/dpWkR4dWePKJOQlvkWq7VpWAhm4A3sfj5niJqc0hQ":{"chainKey":{"counter":0,"key":"upqCGrASgHvTn31VOgb8jrAipED7F6c6WnuNI8SpMQc="},"chainType":1,"messageKeys":{}}}}},"version":"v1"}