{"_sessions":{"BUoUNrCbele0tCQEwDG5GkbjDREldSbWqxzOP0ybjzJj":{"registrationId":575100717,"currentRatchet":{"ephemeralKeyPair":{"pubKey":"BZ3tPW0ev0g6kuWu+LKtNaRiU8O7VUkxCZ9lVzhmNuUN","privKey":"gOnouphcPf3iaMWR8JUXW86fg9TFZm5HrBBjZkmkIFM="},"lastRemoteEphemeralKey":"BYYqy8x+IxNNgCfhvYgKFIMCPa1BMIU0X2N5i0l/T5sm","previousCounter":0,"rootKey":"n268+0mnNcPqLV9wNijAu9H1sdu4AQhW8Ixlkldq+nc="},"indexInfo":{"baseKey":"BUoUNrCbele0tCQEwDG5GkbjDREldSbWqxzOP0ybjzJj","baseKeyType":2,"closed":-1,"used":1694578149260,"created":1694578149260,"remoteIdentityKey":"BXQoEwALAQqVR2PpZexQU+ejXgFfflp3Ytxg+JO2bmUs"},"_chains":{"BYYqy8x+IxNNgCfhvYgKFIMCPa1BMIU0X2N5i0l/T5sm":{"chainKey":{"counter":1,"key":"Zdff4Q1aUMQ0T5dvU1JSKP+PiZrjWg2Hkd+S9Bz7v6E="},"chainType":2,"messageKeys":{"0":"S1B1BToB9QROcChjXOcKyEmG14GdG3I6a17se3Pkfuk="}},"BZ3tPW0ev0g6kuWu+LKtNaRiU8O7VUkxCZ9lVzhmNuUN":{"chainKey":{"counter":-1,"key":"/ydbhTqhIckkKG/uJSXRU+73I0fJjyAr6eCuNwPg678="},"chainType":1,"messageKeys":{}}}}},"version":"v1"}