{"_sessions":{"Bf+3my3Np8DzduaaAdaGnFyQa7anIaw8m0uXsSZ+Wb5J":{"registrationId":340916633,"currentRatchet":{"ephemeralKeyPair":{"pubKey":"BRTMJ4evZ/+z+fKh2gLSbClGOzgO/hDP8LG5FDKwHp0z","privKey":"4AxoeJ5PqxWQDZ/Y+VekJapADPKSJjobhmEiDBhxymM="},"lastRemoteEphemeralKey":"BUEMQ0qp8JWfnh3Tge4KKsMhrx4d4OGl8mXEqVQUomMw","previousCounter":0,"rootKey":"fBm4kbJZm7fNUvnyKER5zm8pO+3BGD4AEWyz1kE9vAU="},"indexInfo":{"baseKey":"Bf+3my3Np8DzduaaAdaGnFyQa7anIaw8m0uXsSZ+Wb5J","baseKeyType":2,"closed":-1,"used":1694515781236,"created":1694515781236,"remoteIdentityKey":"BW3OKfxxGXYOfz55Ij8nk8aHobVjmvTs6dIN/T+KUx0S"},"_chains":{"BUEMQ0qp8JWfnh3Tge4KKsMhrx4d4OGl8mXEqVQUomMw":{"chainKey":{"counter":27,"key":"BqEccAsIYAnAx4tu6KjvIl76SmXq64chJQvafbLasFA="},"chainType":2,"messageKeys":{"4":"xmpO5Cyr/3W5SrPX2wKwiBNhf93ywRZW6XObpJw5/Uk=","8":"5oYdiYfOCvWaO9H17WrUg3FGwId7KVRzyn8MaAc9XnM=","9":"rtatx5JfUwC9kyPQEtwI5ZQEDCzwxJogbdmKYlmXr8o=","10":"gd5eE3NdQ0TEh8BbCfcF7Rp0aRh659VNfpX3uC6kD2A=","11":"u1gEMoRpYtNG4kK4iCFCrWyiDYMBjkq9M4kSnNobj6o=","12":"OU798bgH/sWpkgtIMCmMZdUYL0obbz4mTjJsdd+XPLc=","13":"WOnM4GpeI6RNbNZ97d27wFgF4EW1HaSvCXVi2WLhLew=","14":"ZeGgh7W+XUjiejXto1tS9rAYJPoHPXGMNusz30GV5yM=","15":"LbYkfmbLVpAmDKR87WhsXdU1B2zIpgQvcjCVwmPWUbA=","16":"nYMNhZFyMuPJj0Pey85glB4rHQgaEq3iwi3GsX1+gsE=","17":"3CXmxTYK8HcAxzwDz0ZUYq4DMT/p4BYfJFXCIDPU1Vw=","18":"/RTC5mR1SXtUi64oBqZSkVimBmK6SFvsQocZ35/alX0=","19":"ZvU37IGm9q2JG8EdDVXgGat4Dw0H/DtNmUK1c9pwRmw=","20":"fRTGeTLAZD+34lhJueipJGj0zPTVfE96fDbzbD/yHek=","21":"nq9ulfffUQv1Rk5XVeBZnj4oV3jTYD2XjG9Ylnh0YrI=","22":"V6NXlz6FToCkbLdSn0IIL8PtuwyJPdh/yeA4JKwRQI4=","23":"jnhztB2mlUmEjquRHQGpw1kqvWKOUbdrDUVtrzWmhoA=","24":"RX6oMd0NnRA8ynY9CZ10a7vrZ478UAR9nAIILUBdmI0=","25":"bsIdcD1nthFECFEEvTblRhlBRbz0fPt8iOWHBtiM14o="}},"BRTMJ4evZ/+z+fKh2gLSbClGOzgO/hDP8LG5FDKwHp0z":{"chainKey":{"counter":-1,"key":"9Mm8YyeSqemU3dNLFOOcD8R7QiumwZeivVsPd5yYZa4="},"chainType":1,"messageKeys":{}}}}},"version":"v1"}