{"_sessions":{"BVUq6DBGP8mVdcmBg3MKTzT0HK7F3X8B3fapw/rXpxpB":{"registrationId":1490013772,"currentRatchet":{"ephemeralKeyPair":{"pubKey":"BZeEUiMLOF/zj6M15KlOkiCRWUzwZ8y9K3DZ5wKSz8pd","privKey":"qHODW51tpymf+TtVaSGFZW/dwGokNynQY+8TBcOmSmI="},"lastRemoteEphemeralKey":"BdOlOozIthedeMaxIkhasjfK9MCA1FWa95gwexc3LJw5","previousCounter":0,"rootKey":"xgdA/iVg+CcR+dhkk3Ia5NDeKZru5zORFfPRFUiuhG4="},"indexInfo":{"baseKey":"BVUq6DBGP8mVdcmBg3MKTzT0HK7F3X8B3fapw/rXpxpB","baseKeyType":2,"closed":-1,"used":1696233981646,"created":1696233981646,"remoteIdentityKey":"Ba5CUCAvjBqds6Jq9ffNC1XVL1WzEv95sPZSPhmHC38h"},"_chains":{"BdOlOozIthedeMaxIkhasjfK9MCA1FWa95gwexc3LJw5":{"chainKey":{"counter":9,"key":"DKoKpOvOUE2hG/sKyESSRufgTmrcdMkdzmQtZsvruuc="},"chainType":2,"messageKeys":{"0":"mncr/ALk5B+Kcb9Eo89YMtx85cGj7xOza9oEgoGtUkw=","1":"6U5Wql8wipyfcnklOMuGVcapvwe9LYyKOTyPAFC8rE4=","2":"66uGI9Jj0uDzF9PW3bY0i41CyePI8tdSCj+Jt/PSJww=","3":"0cubIQsuEP8PoBvMylw98rmSNlAH0FKGg2FP2IFnDiU=","4":"g4vurHgTpcCLnObBZkBZze+kXnv/Oe4zQ8zFune+I/k=","5":"Hj3bgl4nJd4TIt8SXmRrEuYDZhzNb163fOz36u5lgbM=","6":"BglvfBFq4yCldeggEGMU456Jo/2r60U15j0G2TDrMhE=","7":"2EvZfx09HaTvPqMKyf62gMHuqxC9Ym+HPn3+NygAor8=","8":"mIH4jfRODt3FuFaG+2FkDkjxruWyo/GVLRQ/hbO2mZ0="}},"BZeEUiMLOF/zj6M15KlOkiCRWUzwZ8y9K3DZ5wKSz8pd":{"chainKey":{"counter":-1,"key":"isGAKSAfx0yCqjJ53wlsntnmF6vqD4PrJOUD4/sxCws="},"chainType":1,"messageKeys":{}}}}},"version":"v1"}