{"_sessions":{"BXwnG79YciksRXSUmB1nqZeryDBPNQp7OiSowQqXml8Y":{"registrationId":320172776,"currentRatchet":{"ephemeralKeyPair":{"pubKey":"BVY2ZLpVfFKJa0uFwiGSiWPJKuMD4NDrx3XASNfVsmZE","privKey":"AN+ijICCI35ssDkuGIXZCKjWYLRHsXdDcB5LLDQHUVk="},"lastRemoteEphemeralKey":"BSCvz/wMH7JeDPBnMFZfmWZfX7U2uY53iGkwB7xJhzEG","previousCounter":0,"rootKey":"yBGzwQubmsP5XgsCXf0L5RjMPljka/I3zcfEhN0CutY="},"indexInfo":{"baseKey":"BXwnG79YciksRXSUmB1nqZeryDBPNQp7OiSowQqXml8Y","baseKeyType":2,"closed":-1,"used":1694590336192,"created":1694590336192,"remoteIdentityKey":"BWt2SdKKXMgC1k5U9m3rdQOWAmEYZ+pD2i0whBTYYV9m"},"_chains":{"BSCvz/wMH7JeDPBnMFZfmWZfX7U2uY53iGkwB7xJhzEG":{"chainKey":{"counter":1,"key":"pSpucJBIS0VsGQjkuM4143PK0+N4hMSyRNlbvgv/0N8="},"chainType":2,"messageKeys":{"0":"bicQwq7wkYD2Q0r4A5lwv7yks4NX0+BVD46aqBLK/LQ="}},"BVY2ZLpVfFKJa0uFwiGSiWPJKuMD4NDrx3XASNfVsmZE":{"chainKey":{"counter":-1,"key":"vADPlZN05KewO/l+yJXDNDr7nA6dzctJgkhmejP4x4M="},"chainType":1,"messageKeys":{}}}}},"version":"v1"}