{"_sessions":{"BRciTULuRGkbb0PlVpW/bWXf3+LgW306nyJzyIKRIEI8":{"registrationId":701376883,"currentRatchet":{"ephemeralKeyPair":{"pubKey":"BVEdQB0R9R6QdohnBEnrcTNp/V+TFes/vxpJEdswXrkB","privKey":"aDBu4mxzTIWw19UNzZxd4ir34PtGgKXqwRQ4UC0aoUw="},"lastRemoteEphemeralKey":"BdMKH2Ah3bcJSZ3qAJqKpwzkgrkV8V2UeWzE69lgpKcW","previousCounter":0,"rootKey":"MSEQIYn89hT1hdlU9Hly8iLF5WltV6/XqtbOB0NlLa0="},"indexInfo":{"baseKey":"BRciTULuRGkbb0PlVpW/bWXf3+LgW306nyJzyIKRIEI8","baseKeyType":2,"closed":-1,"used":1696233975015,"created":1696233975015,"remoteIdentityKey":"BSaPsYHRG8wYAC6wHQ8OXwsSzcnCEn1grxLTfcCs65Ft"},"_chains":{"BdMKH2Ah3bcJSZ3qAJqKpwzkgrkV8V2UeWzE69lgpKcW":{"chainKey":{"counter":13,"key":"oooDTOQWZp0W3J1/igBm/5z9zb903nL6I+v1V32BdjA="},"chainType":2,"messageKeys":{"0":"d7YQAHSlRfudA81fmX0cBH5XHbph/z2LvRVCrwjRxK8=","1":"v+iecPv2/P81rXfreshVijxGv9oBaGu5UF2Ry4ngIoA=","2":"toXS+N/DSzngNvAVL5RGAqE/qBQzaNbR3GKFePiToSs=","3":"zrolQUZ7i2yFr7Cby5fbTaeHkM77FeU+4WiE/mDsCZ8=","4":"fS1Tz8pgdJhpuLxV8GxoXJA8doEQTPmEva5S12SekQo=","5":"gijLQIem58F0Y1We8JBQOBE7UmTlZpk9B59lizCM5mw=","6":"E8MAYx5+AnCayr+CE0iAh87ta8fNOEPCA+OamCvM6yA=","7":"vQMw8roCoUeCiY27F7t0g5P8xS/twUvXAbnV6uTB3WE=","8":"KNmXgkOlLqLJDMQExFXJzONIFxpnIqMfV4cYz6/rYcI=","9":"IxcQEk0tt0HPfpq1YD3zMIEKa/Yk4Mej2RteOoQMyq0=","10":"MvP7wnwPSsiPOYamKWVTcR6kfXYGcL7YnGnGQ1YlMTU=","11":"qTrDyO8ArvBGD5vp+U9FmEvKha7OeCQ3wYBv+LBp6gE=","12":"yuODuO6SZWnPcvwWoh4cosRO4NBnkvTf8oCqidXUbaM="}},"BVEdQB0R9R6QdohnBEnrcTNp/V+TFes/vxpJEdswXrkB":{"chainKey":{"counter":-1,"key":"iEJDTPhJmEZmOkvoFp1hy0/Jo6IFDS2caVzt2TudrA4="},"chainType":1,"messageKeys":{}}}}},"version":"v1"}