{"_sessions":{"BRNQ6hWefZ6b5aC2+LC1HDcXMDi8AN9yqF34jn+hoYVS":{"registrationId":1803863113,"currentRatchet":{"ephemeralKeyPair":{"pubKey":"BWB725QAc04w2rgnoPFVlrY8CbVndWCWWs95xUxNWPs6","privKey":"qOOu4hhBFuKyyqoeQ1A3SGQTpfUC8v4vlCCWY5rMg20="},"lastRemoteEphemeralKey":"BfYbAvBZ4oEw9vCIsRH7osje74h4tEEjBj709LhsRqZ3","previousCounter":0,"rootKey":"D+B3OTHBqq1+RwYblhfrvJSzs82CozClcxLyIWZuDN8="},"indexInfo":{"baseKey":"BRNQ6hWefZ6b5aC2+LC1HDcXMDi8AN9yqF34jn+hoYVS","baseKeyType":2,"closed":-1,"used":1696233979545,"created":1696233979545,"remoteIdentityKey":"BcS0RccZp7WJgScQfK9/cLQleIuK1SiZSzjkFnws4IdJ"},"_chains":{"BfYbAvBZ4oEw9vCIsRH7osje74h4tEEjBj709LhsRqZ3":{"chainKey":{"counter":12,"key":"XPNHDJisgeY453Bi0yiKcwQV3Lx0A2Z4a+7bBSA8h1w="},"chainType":2,"messageKeys":{"0":"NvSsL8Lzx7O50cGugNQ1IQJLkyTvTZcCzokyJbAoUJo=","1":"gINND+GF5UPxmL8ywfXLTwb1IuAzIIPl4Xdcb/L6OGw=","2":"56bNTaKYpQrN1/Ff82JXYnG78GuNhWdBOo77qZZPfqg=","3":"t6aAA/BFttw85uDpZAfPbysgUggJgJr1vUxlJqTt5bc=","4":"DEr1Ake9oe+rhzQg3e3f6o7Qg0l25gwxTJksNkIVHrE=","5":"ANQEFu54grAObBHThstPMZ+JJVX8iDFHn0JpS+Pe5Sg=","6":"84fwn2iobSWaOvzDn8KmXAxvEmnkDsNrTjbi86odnF4=","7":"oKdKIgW1OwV/4aXRT7P/i0nHLV2/LWmCnaavJw+z1XM=","8":"Xug9VW8fd02QXUaFfKuiTBT0AQbSoblm/v/p8i7t4Ug=","9":"Za4Y832e6ouPaPNFBAkjRnR35rLqMUEVSGnFoMGtX2o=","10":"dlPjFi+LmLcag6AChTHYwE3PsMwCV8GgGLdnAdp3xPo=","11":"vqNECWGTO2Jif3SP/TqpbFxvtpXDXtee1TSVLyEqU1Y="}},"BWB725QAc04w2rgnoPFVlrY8CbVndWCWWs95xUxNWPs6":{"chainKey":{"counter":-1,"key":"OeR6olJBHvF2o3YErjWJBsp2G7KOvUYBvxwR1f6B5/c="},"chainType":1,"messageKeys":{}}}}},"version":"v1"}