{"_sessions":{"BQ5Lzfem5KfzWUw0szuZHX/QJMOX9OcMhjgjoNtpELtQ":{"registrationId":1672205527,"currentRatchet":{"ephemeralKeyPair":{"pubKey":"BTe4AjHx/Zwh+9cNWqB+DKLynmT3IJMGPONi5d1aHMYR","privKey":"cIbMmwbzOPZbpQfNvuuBaufV+953FkGUTY6OotvLfVk="},"lastRemoteEphemeralKey":"Be8UhmpldLVgcfXmZpTuqpydW6kHOsdI0EQ8NWAfmaVz","previousCounter":0,"rootKey":"BfFQSTtuEhNALNAgnC4d84pCwidBJv0VM+UXwMKQMN0="},"indexInfo":{"baseKey":"BQ5Lzfem5KfzWUw0szuZHX/QJMOX9OcMhjgjoNtpELtQ","baseKeyType":2,"closed":-1,"used":1694752171596,"created":1694752171596,"remoteIdentityKey":"BRSBbBAsG+JCwtR232UZDKS/YUCZ+HWt19Fvq1oSk1hN"},"_chains":{"Be8UhmpldLVgcfXmZpTuqpydW6kHOsdI0EQ8NWAfmaVz":{"chainKey":{"counter":2,"key":"t8G4bZzkduwxgEGZrUFrSmhEEOo6qCT+tuoah1+Y3Tk="},"chainType":2,"messageKeys":{"1":"mBjRGDdiKtXKrfsBVmi4XJgWVXEE7Y3vmXZN9jD86rc="}},"BTe4AjHx/Zwh+9cNWqB+DKLynmT3IJMGPONi5d1aHMYR":{"chainKey":{"counter":-1,"key":"PAPoI6zvK312Vq0FyF1rpT8m2OAUAfea7DlNexltc1A="},"chainType":1,"messageKeys":{}}}}},"version":"v1"}