{"_sessions":{"BZahxNPv2qRi7Qd0fgcg1aIzBfaWxikJxyoALunoZAAs":{"registrationId":1043647974,"currentRatchet":{"ephemeralKeyPair":{"pubKey":"BTNyXHHxUfi6KBmMYh1UBEAASHe8W+WmcmCE4b7JBKUS","privKey":"GGgJrIUccDErDV5qXCo/fbn8njV7odJkQ8J4DimENGg="},"lastRemoteEphemeralKey":"BdSbDAn41feOy2WBuLC689z5Qy3Dv7qTGlxuZ3aURHRZ","previousCounter":0,"rootKey":"DDKUUL3l0z+W5GgQswJiycvewqrDw2dzjPW0/OvbyYI="},"indexInfo":{"baseKey":"BZahxNPv2qRi7Qd0fgcg1aIzBfaWxikJxyoALunoZAAs","baseKeyType":2,"closed":-1,"used":1694752169744,"created":1694752169744,"remoteIdentityKey":"Bd2vvn7fC7em8R/kiuJpdssq9E3srULiD7/q6g8Q5DBj"},"_chains":{"BdSbDAn41feOy2WBuLC689z5Qy3Dv7qTGlxuZ3aURHRZ":{"chainKey":{"counter":11,"key":"aiKlLO+2n+nPVUkVl9bSUGkFQhWbV3XcFucdVERwMOk="},"chainType":2,"messageKeys":{"1":"FuG+zJiJb6wmve+Hw2ZSjSILoogrVVRHQHmBqp3sxJg=","2":"iLZC5xHrjZmWr3pvjzHvrHFcOnYtPlGXdHLqLV50ncs=","3":"4gPmuBNQ3Z3nEsObC6TDVJeEoyp9WJLmvvMXISjYj2E=","4":"lnwdW3z9aV5f9bgAHtlRlw71AqgzSnB+7qA6Wcu5N9Y=","5":"rqaj8leDJOjEmRQibLNs3X1AviAzOnfiJiLzfIc0Gb8=","6":"trccuTTXS48ZsAUr43lLXnqnFDdPDjYXnVJZhuDC764=","7":"ygKVYqO3+D9d1vxzQtYUqiEiDkWSX5Bi6askxr76lXA=","8":"X8jlmi4tDSAnIOEQL30n9tdWCKRuvlOudtooRSHiQ9s=","9":"hzEcSdBguQPRAsgsxKih3nC748SsaewWMxKDuv5LxZo=","10":"pfgzlTHsMz3NMPsYbCnPKPGf5kZknAgF4hZ0f7AWWv4="}},"BTNyXHHxUfi6KBmMYh1UBEAASHe8W+WmcmCE4b7JBKUS":{"chainKey":{"counter":-1,"key":"qe9lPvx5bHlzgXSnWyzJbgeq9z7LdI2b4lbjnscc8/A="},"chainType":1,"messageKeys":{}}}}},"version":"v1"}