{"_sessions":{"BU2y1W+PZSUjAkmNAI2a7g132Ojig9EsvA5dogwxQ58e":{"registrationId":2023896205,"currentRatchet":{"ephemeralKeyPair":{"pubKey":"Bea95Xp72MIjvDR5EE0SRt9NyV+ljZsO8U5hBgUjyFEt","privKey":"QPtVoiYYHRGVzu5jwccCkwZNseZiF52JVJwetxcyrEY="},"lastRemoteEphemeralKey":"BVFOD9MkkXtZ2uEUX1mJEQD8zXdDQU3VBmS9/rqmirEC","previousCounter":0,"rootKey":"d1p95IBsdEae5MGdNgHhbsO3qTd9MJz32TcETGyZ0mc="},"indexInfo":{"baseKey":"BU2y1W+PZSUjAkmNAI2a7g132Ojig9EsvA5dogwxQ58e","baseKeyType":2,"closed":-1,"used":1694519626018,"created":1694519626018,"remoteIdentityKey":"BauZ1SyFar8/euTWIhDmQ9NbnIe4REuDBwU6jDdzwiRa"},"_chains":{"BVFOD9MkkXtZ2uEUX1mJEQD8zXdDQU3VBmS9/rqmirEC":{"chainKey":{"counter":30,"key":"spZuagZIoaF0a619THqzPaER2Z7luF+FxC1DEhpLWvc="},"chainType":2,"messageKeys":{"3":"rBrPACkedvGeTeP0iF8WqtcAQhmk6NjPGQ48o3tcGcU=","4":"FtmGxSWgX6ONEbVWmGvcuWXIiM0YY1NcUD9kkhQXr5M=","7":"iS0lj6G5UqvvnKlC5+I1WGkDpBlzkQZ+85kt0wOA/xE=","8":"6iQkQ36YJDhOn3oL4u1Ib255FGnxheQKMTy8nO7mL3g=","9":"VqPxKVaIvot39UI+3HnqNxjtNQhx0WDhpjj5bxCiyGk=","10":"Ii8Kqc2OVeCAqwTl2umSeVK8FPAPNCNOp3TJw1JPAXw=","11":"4ptXcw5JaMjExXGF+0Qu67KbwQ0Ej9DWQEBoH43S68g=","12":"aQ0ixYvYCKi8uWzDG6KnezKGy8n8ElmMELoL/Zrg3fQ=","13":"GgsAHTLkG4RVUIxmokY9C8ZK4UoWXt71TJ9sjBNT7NM=","14":"FdR2J9gBrsCMoqdMumtvtAC/yYYN7k0NKR6MfkUL8fM=","15":"5BsYMYmVrPT4G7ASqRE52NP3lm5McQKC+ZqCe9bDWXE=","16":"NiBFAeDzRTwR/E50+ofbrfsR5ZPNNTXyjOLTfHVrJGc=","17":"cyJ1gX/dGbkFZdUeTZshcZBurZpXs0f2T2UNfzCDud8=","18":"0uyxaKOfOmackkKLe08zOWLr+suhpp2VR9mLqOgI0D8=","19":"JLfR8U7fy20OJPO6GjfkNkSjYg/dbtoWdc3jp252FSc=","20":"YHIzckQhqo0wzbOnQUtAtnQ+6jb8FKvTylYYew/rN7Y=","21":"r3OU0Eb9tcO1UIPcyv6yEjiAlEQG5eM1b+ZOPeekKoM=","22":"ixZiX2kzi+aSX4ZZLhUbfF3UeuBpEm7mNTLOQFPntJE=","23":"CIShIv2V9GPe6lDE4Q8RDMAPmXlArSbO23SksRecmBE=","24":"Vt95XWzlPdGUEG2CgRVKUaITIjNNnO2L20pB2t8qa6U=","25":"bhGh0Rl98GHknfgbvk3xU6YdCCEVyfhOAa4lyL7tJ7w=","26":"GldStIZX9J9mjmx62TnGU9F/PD8MqyCk8G4feJ5f2V0=","27":"u/QCaKWwA9RgQ/JuP5uITCp5SkIf4iOhVl3HP+BvxgI=","28":"Zah/XS40m+OLdAU6voQz7jWfS2TX6gTvmAdpau3O5VQ="}},"Bea95Xp72MIjvDR5EE0SRt9NyV+ljZsO8U5hBgUjyFEt":{"chainKey":{"counter":-1,"key":"1Aysr2m13wsBwJcf+yuVwrcsCNv+UkCb5l+m7cqNQZo="},"chainType":1,"messageKeys":{}}}}},"version":"v1"}