{"_sessions":{"BRlAqP5v4Y9JsAvrfgvh83OcG6xOV7prjYfeW1phXzY9":{"registrationId":407122142,"currentRatchet":{"ephemeralKeyPair":{"pubKey":"BeDDdGeotnrt+v5y1K98heBkaV4+CUlFb+NfRIuJPyUS","privKey":"+Bp0zbhAvP6mG580uzMET0VLAj+Mw0E9vNcDuwjoZUk="},"lastRemoteEphemeralKey":"BXNx/568BZJE4ve76vShEV7YptmjaQPO6V7u4uvx33ob","previousCounter":0,"rootKey":"pkLD4XzHtxjPwWld+vmPLw6kj9O1C5oUgU90NQ4xqhk="},"indexInfo":{"baseKey":"BRlAqP5v4Y9JsAvrfgvh83OcG6xOV7prjYfeW1phXzY9","baseKeyType":2,"closed":-1,"used":1694516608214,"created":1694516608214,"remoteIdentityKey":"BWOIZ/4Wur+FQB2cz42fXCznXZBiNZ9rUGnzSG0OymNz"},"_chains":{"BXNx/568BZJE4ve76vShEV7YptmjaQPO6V7u4uvx33ob":{"chainKey":{"counter":0,"key":"MegLAoiDQA9pLhXux4mnZ6Gls2HdbUKRbMpmGTQwgnQ="},"chainType":2,"messageKeys":{}},"BeDDdGeotnrt+v5y1K98heBkaV4+CUlFb+NfRIuJPyUS":{"chainKey":{"counter":-1,"key":"Dtr9zzHhS3aRxb5KQtPo+CEoSXaDWMZIEcvcrQYJ9xo="},"chainType":1,"messageKeys":{}}}}},"version":"v1"}