{"_sessions":{"BWaNi6apXfrHUs5HATHTAzSqOsso9U5tnN34I7qGCjl6":{"registrationId":1480296078,"currentRatchet":{"ephemeralKeyPair":{"pubKey":"BaowymHmUhDKFvLoAmMLnxgqKYwshzGJ/e4EPHPPx9N4","privKey":"YJXKqq6QSVLF3e2jAPa97NsWPagfFaptmQNueI4SqlY="},"lastRemoteEphemeralKey":"Bd3XeRnrWuhkapVQuGJFmi41Fsg1tB5KruSdjUuWkyIt","previousCounter":0,"rootKey":"s/ESeVh8ZLp1XtjBRob9RYQJtw2Tcq1g7zFNdeP3Dl8="},"indexInfo":{"baseKey":"BWaNi6apXfrHUs5HATHTAzSqOsso9U5tnN34I7qGCjl6","baseKeyType":2,"closed":-1,"used":1694752184145,"created":1694752184145,"remoteIdentityKey":"BWF6DppTmrSUW4RQA6b+bEuGj5ftE1pFz3ZtqPW3/np6"},"_chains":{"Bd3XeRnrWuhkapVQuGJFmi41Fsg1tB5KruSdjUuWkyIt":{"chainKey":{"counter":4,"key":"gQg+ouvDCtPqVqJzrBRtfh9kgkU3SCx5B56fCbxBS1k="},"chainType":2,"messageKeys":{"0":"LrADNZI94Sr1K1hf3iZaWklAHiA3kcfCP/mazjjjb5o=","1":"TWLYRGLdRX+5z/i7tLkyJkn5EkY6Fho6g+Sepl1v4gg=","2":"V1uKny7KgQ8Dj6/wN1yh9M4behiwYr3qXC6tQxFtQTc=","3":"CPUfWt7VuNUNlFRC72M/MUV0JrC8f5iJinf4ExrcVsY="}},"BaowymHmUhDKFvLoAmMLnxgqKYwshzGJ/e4EPHPPx9N4":{"chainKey":{"counter":-1,"key":"OC/I5J/48f9CIHvJvgDt8fVeZi2Rk5jGcEcD6bTvYYE="},"chainType":1,"messageKeys":{}}}}},"version":"v1"}