{"_sessions":{"BW7J6a8WuMi3jv0Kjm1+bVS0adnUx3BKOL1dCA0VAS9Z":{"registrationId":1257997896,"currentRatchet":{"ephemeralKeyPair":{"pubKey":"BUqese5dyn0DH24PwQTBmr8SCwnBhVFxjOLcJo6Ld19u","privKey":"GFDFjlAroJHAJdrn6DUrx48VtEAISAoHctoJeqjohnA="},"lastRemoteEphemeralKey":"BTvMNihazFBRlFEvhF5zj9c9e+QkA2D63f4imqbV5x4a","previousCounter":0,"rootKey":"xdmSOFD5VVa1dXCtxP8bI0+XwNbGVyGnrf1ptRiZA08="},"indexInfo":{"baseKey":"BW7J6a8WuMi3jv0Kjm1+bVS0adnUx3BKOL1dCA0VAS9Z","baseKeyType":2,"closed":-1,"used":1696233975166,"created":1696233975166,"remoteIdentityKey":"BU64IFDJEObkQzVeWtgOP/MUxlk3nE/VP8EvKBP5X78d"},"_chains":{"BTvMNihazFBRlFEvhF5zj9c9e+QkA2D63f4imqbV5x4a":{"chainKey":{"counter":1,"key":"KTESG01b25KR1muwAnqLPsqfB6CG1N6GlvfyQEuJFxY="},"chainType":2,"messageKeys":{"0":"9AZwNT/4ZQucOse1msQPpTDf3JLD3IbK+Y05h/TEA/0="}},"BUqese5dyn0DH24PwQTBmr8SCwnBhVFxjOLcJo6Ld19u":{"chainKey":{"counter":-1,"key":"dKbKVzaAo6DrvT/YHoESI6oGXzsz3IK8Skix4ARdCOQ="},"chainType":1,"messageKeys":{}}}}},"version":"v1"}