{"_sessions":{"BcA4Q7aS/JHSCBGrkDbssOWhr9R7m8yL9rlRxbI+QI0c":{"registrationId":1214005567,"currentRatchet":{"ephemeralKeyPair":{"pubKey":"BcpR/ieLv1mFaUyidUIf09SmTP8+qLT0EYnbxRE/x/w2","privKey":"YAFx/8ZpMd28G3V7q1BT9K8I+Nt8ntjyjsGJNkQ3pEg="},"lastRemoteEphemeralKey":"BbLkD251fZoxcN+7WC9Jc2GZyfRkTueOLIuxr+2NB3Q8","previousCounter":0,"rootKey":"tkh4BDstaZ1vGB4VMYNoHpnHRmxli1fAKy6T+L396bU="},"indexInfo":{"baseKey":"BcA4Q7aS/JHSCBGrkDbssOWhr9R7m8yL9rlRxbI+QI0c","baseKeyType":2,"closed":-1,"used":1694752178027,"created":1694752178027,"remoteIdentityKey":"BZ1hOurv7XXW+sg1cyDdQDFaxurTS2Dn1bvvFBAFpAli"},"_chains":{"BbLkD251fZoxcN+7WC9Jc2GZyfRkTueOLIuxr+2NB3Q8":{"chainKey":{"counter":22,"key":"cg3bKBlqssnP/ul0WjBIcXxGyMVqMrPmAmuvYRHQTBM="},"chainType":2,"messageKeys":{"0":"I5vTPL/uorgnODdsgDmJPRIV6/Q2qu42nRa2ekwunuM=","2":"xyzlRkw6GEznP6PNUAAtyo7hh5hXSjiIjNY00ttof1o=","3":"T8bSSc3SRRfnHCy3R4sPdn71xWIYVnYmfeiCH+d6xBQ=","4":"KLv75jCRSI3qKKtCnZfcF2C12/7d/9JhQoqUDn/r08U=","5":"35joJhEeBnoiRN0Se4SrZvaQVpFgoKvPDcziBwzFhE8=","6":"ppW6NYa8oRo39q1TV7sdeBNvLnAYsfZqMUOPoCcwTrA=","7":"aR6xxbk4zdxER0zX2gN8iE3H0vZlNLm++bcb3F+j1Zw=","8":"7cUnTk9pQOjWzYbOzCM+GP+KB7AI6GoKpFn09d1vZog=","9":"STlha2NDSYREDqubGvayndrNaeOsWQ1mYk3mitJdDWI=","10":"NJajDAr/R4wS086GwK5R3L35rF0S3JQqpYYhBejulAk=","11":"tiAWXL957A7Q98Vtsbaf38cxvLglqROrsFFlrPNnpT4=","12":"qzUd8PhX0A3fEWaKNZzWveEKLAFstd2zVSGrm1d5JKs=","13":"T5lW6FthwEJlPkwVFoafPlJFehc6ot7u/bDfcpi3qf4=","14":"OTDhhv2fxwrOPueVx02Ek/q+1nb35R4JvFjoXa0bRHI=","15":"2FRsbwGwIeHoemxOpmRRMgqyfP5kZVeDhltdoI/V56E=","16":"//aeDmFHPtwi/8qaGp441VhsF9f3SNjaVoPeI+mFnp0=","17":"iROmc5R9TYdG9I1JKr3MO1RUKBKyAn8e9vHpTzCyWWI=","18":"i3YvRYmIV12DIcA2ljyLZm/DLyOxjF7SqdRhZdXiT30=","19":"qGN1xiji+RYaRxjfOXv+ibTWv/Pa8a0pBnlX20UWD/k=","20":"KvBVL0NfS6X/kZRy823JlwVXHdRS+kw4+re1fXaQ6q4=","21":"q035y5MXztZUqG/iLXyGAn3zvZ267ylu7RdEocObWD4="}},"BcpR/ieLv1mFaUyidUIf09SmTP8+qLT0EYnbxRE/x/w2":{"chainKey":{"counter":-1,"key":"SQXPGa5jtKxA6/zNqFzXJ/Jv0gdTrNaezOZdd23NHBM="},"chainType":1,"messageKeys":{}}}}},"version":"v1"}