{"_sessions":{"BbZG1xqOZu2vs8yGQTgLUFSMaa4j4xB6nPDLzh2b+4dt":{"registrationId":793301432,"currentRatchet":{"ephemeralKeyPair":{"pubKey":"BcJVQ9XtZzYYvotNap+LHZlMgYbxTrT0U3T47ErZbKAB","privKey":"GKi4D1uS9Hig7qUstnbzK8ENvuOei8Ffy/Pyn9tr8lw="},"lastRemoteEphemeralKey":"BR/zZhGHXJu0xjJYbtSDd30W0MA2CzV1iBuAH2hHQWxi","previousCounter":0,"rootKey":"S7CqjzYKjqsYQM3lot/fPpGtckR6GIAYH0v02lMKQIQ="},"indexInfo":{"baseKey":"BbZG1xqOZu2vs8yGQTgLUFSMaa4j4xB6nPDLzh2b+4dt","baseKeyType":2,"closed":-1,"used":1694519678436,"created":1694519678436,"remoteIdentityKey":"Bb07hiES2pzr0n3gF0e6HR4kwWlLePZlEkDn8zb/iME7"},"_chains":{"BR/zZhGHXJu0xjJYbtSDd30W0MA2CzV1iBuAH2hHQWxi":{"chainKey":{"counter":44,"key":"Ewn8FrMwtMFZWPHJyBAFJRgoJRcdkqUUe+UgCh/H16Q="},"chainType":2,"messageKeys":{"1":"K/VhH3zBWDQzOQ9oFpHwrcJtFPFS0rCjIt2nTg14Z1w=","3":"B59l+dBjnRXXzIWGCiJtCD5B8ZbATx7WimNTMN+v9eo=","4":"EJFsKmjYkErvAqYAtV67Vq+rL0Z2KEi+uCp2Wih99NA=","6":"QoRR7Hr53HQOF2i4HazLRy2wRKmX0SCl8jEtXNZn49A=","7":"NbZDu46QvFRHEIQ0Wpb6I52AIW7cRuvx+rGeXIXtWR4=","8":"2tFdJyKYy+5Wf12qlAWBh+qrK4nbuTr8FdNKCTgFnRU=","9":"sVa7coyJyt5kPQED1YcCxsFXz22qAM7+75t+IbYCZbA=","10":"cXVzzV36WwmhU58PIAoJv8t+1IX6oJ3E5MT1JsbewSQ=","11":"TF++eTP1QTHt2t8dXf73Vdm4qur+iFUsYf2rGniRhCM=","12":"Hpe++xAd3TNClRTG6qj4/1b4A4BmT03YK0vIsW3nrhk=","13":"eejK8DXGit4Y/rPCnyoOMB9/2fhlQzY8TAPwGMNVNcg=","14":"xB+xoOZzIiGNfzmytbl7cUYvWGBApI4aakb8m3ZAX04=","15":"VmnlVJA9LzPHK7GTf8pB63PuNi/e3UjUM+/ookwHu+o=","16":"XxK6+kAg2JyxYHOaJxVJQEWNfom/tnVgftCkpsFlQ4E=","17":"GdwvXNoMZJbseORobrigRNxDLTXbN3Ao2hXqMUKDOIM=","18":"mziJnzjCR51geYeK/vZD9A2bWH8CoKcL/OHdFrWP2iM=","19":"tktGNR+12X7X4CZ9GjvV/wcAKcsyo/9TchI7B5Qdypk=","20":"HP8N+NnrGvh3Wk876iKNzeDm2qF5zs8GuohAUkq+hvE=","21":"7yWkF/wc8eVHDsojjAxNcPntl+29TQVKCG+JXdFv4to=","22":"jMlfnOpK6gCsn0G7VGWQydIUMI6GEKir/UuCmRfCS6w=","23":"pwgDr2F9exbbbdenmvXJqTZ+A8YzWVbBSrtYK2XckEU=","24":"V20vDDlYWfiXmTxTYzG8e5lqqkP2cYz6L049V8dLAs0=","25":"OYi+QbCv/F+1u2EZ6Ok7vwoJvWH9lN2yA/LaWAAjG6s=","26":"tguBqRUmYvkD64KcuWVlvZCH6R9uaQ+lRD+3Yx9GVQA=","27":"GzHmwItTR63hAKZBV7aLNnmCuyppMx1YiUhcqQ88ayU=","28":"6fOvmF4G7iYmQNw1HsOEUwUfiIyz/3czXyHnmrnAMfQ=","29":"SyznNLj4UmgoR6inguqdWLrFAKtWH73/BbMBNvtk55c=","30":"G7bLHPTatZ9mhRL96Xzql3h7+elUqiejoYPaa5fpUP0=","31":"8yPUFyZZYjwfQz8EMVMEAC/43TrhLnaosAbzORqk8lk=","32":"9MFX6gpJBWTdyWgzKELMUOAHZpLaj0OrDY7PJorSYlA=","33":"XulCS3t3dhB6jbvPFpw+Ddpb0lqCvSdabsPkEKbZbzI=","34":"yh+6rFxZBXbyNKbpvqTrtjl+Iv8Hl4OyZBmIwyDKGLQ=","35":"/Dzt2pWF0BH7rwWzRwPVgU9HzL3LZEfYUOShPKU6UVg=","36":"wHfM6DlYehss76issuDPK9B9arFKyXDh9+cB3kmkSqQ=","37":"ojULNpN3dXbrH8sRNsrBiPn72Ypple/cLaSKcbL2M8U=","38":"/og5TNfzWD6fX0ceWnQYiHXXfYXR5IYyIqUzgW53BUk=","39":"y8TAwLKPdsfj9DqWDM90LD6ziFMDUCr0iWntPFXTsvI=","40":"WxNt3s1q9R1uAhuk+3GeE7JkpqUA2sQn38Weh8Df4CQ=","41":"oZ0MLPx9siEHOlQ5sAIW4paUEqedDq2xnG+2E3+koF0="}},"BcJVQ9XtZzYYvotNap+LHZlMgYbxTrT0U3T47ErZbKAB":{"chainKey":{"counter":-1,"key":"7Jcd4zGwJDrzjVzA1M6vLSh0o7R8UrtYF7TWoYR2omM="},"chainType":1,"messageKeys":{}}}}},"version":"v1"}