{"_sessions":{"BYUS73ybUrm5v3P4aXtED7ToUOvOg8ZkWaL3qa3/qYB1":{"registrationId":1698297143,"currentRatchet":{"ephemeralKeyPair":{"pubKey":"BZXmczc2KtHKQWn3lDxtuTvMKX1l9SOhXCtXWWvzklRK","privKey":"OAmuBuAXDqdbRdczO2QWS4xw3JVxndnNwWO5zXyPGWY="},"lastRemoteEphemeralKey":"BQLAgTs56x42a4O6OlVImSCqBWTXLKS4MHRv8hKe5b92","previousCounter":0,"rootKey":"g/int4u6tGHLDNSq1slHDhOgay7uMgbwv2PhdeT16XI="},"indexInfo":{"baseKey":"BYUS73ybUrm5v3P4aXtED7ToUOvOg8ZkWaL3qa3/qYB1","baseKeyType":2,"closed":-1,"used":1694772975525,"created":1694772975525,"remoteIdentityKey":"BZsCoNKzioVSP6TcVrW/UbQJOS/sk6QdT/zxLi/LP8Uk"},"_chains":{"BQLAgTs56x42a4O6OlVImSCqBWTXLKS4MHRv8hKe5b92":{"chainKey":{"counter":29,"key":"7YPxpOijXMYx3X78MiN3N5OG28N8fpMOjAK8zIKqvus="},"chainType":2,"messageKeys":{"0":"RhslkqBDUwl3o3wpw9zkC0A8V83ZsLVrZga7wZTsp6U=","1":"vH7MYQ0lpKk+GL5IWDpNGpraivYdfyodmI6WLsQyCio=","3":"V0Gaqe6lQCM7CsLi0lcgOX9BElHRuiG/DnlplMMJoFM=","4":"kVS/tX/ZJMWVdqm4u13IqDw4H5ORxCHPG4e6F6UNfJE=","5":"E683th5W9oBuA4RSr0TySHn8u+01yEixyVQ0tMlnnEU=","6":"LcL4F1f02KGab37g2Vr8xw2Amh3tFOw9HfnHZU1LQqg=","7":"glVkx734/fMB9FIpUxeDq7RhfRdiZ5hvz4Vz/V7YtEA=","8":"1vZzWxG/F/ZDpgqHwrV2ccE+z014ExCFmeuiM53RHdI=","9":"U4Dq3Q3UzkFmepVIZjlhGH0pFvo3OWaH0DD6YD2aCTE=","10":"BPwadVh3dX/uSYSpwoMrPZgZ36AIJUw74iOEIvR1d4w=","11":"r6llBXAzbe4mH0xoErtl3OulPJFgLGjzjNdSo5HDH5k=","12":"i7jgGMILKm937icWjterqXvxtAAhWIrHpdAHtFc7ROU=","13":"OJmmskn+6u1ib1HsaXKctyqDkqYGLnAepIEu3UrhrhA=","14":"QJ5HtAS2dg1rVXjYxbrU96FLGi+GhMLYkB0oA9DgBeA=","15":"okslH/0QFM7JJHQqWvdDk7RCpJ5A2URyIOwUbJcyyhc=","16":"Qq8Qn0IKRm6J+cQ2Lm39a74vVXaWley4EW1LmAulOgg=","17":"TWu5wGzvGT2ZkQwwEYMxZV3Xkp50pWRZKeompuUE2ps=","18":"01IQm4o9yRQzd2ByiRg9SVbx0zCy1NbYCJG3Om+zl00=","19":"KpeG+pll4jWRI+X3UDsFKY1/QqE8dxflxY+N1wtG83M=","20":"B26oAgqL7PtlYegL6hWw7dGBYRvpz+2KTOJ8scMz7Ik=","21":"w6D3AiwdJbByfjFpVvjPRa0a6iur+HXm2HVdf0s/BtY=","22":"yJZuQ1cmurOK5ojyLnmTUY3IihHnpmFBuJvQtF7yZCo=","23":"9sAXjMwEeJ7M678M5EcyV7tOSCdeQ5OrWs7q6ycp7GQ=","24":"HCFRTm7Cko8YAlEb/jgdOrDuULf1dhKCBoQLyGKEzfg=","25":"axCN7yYn+Dk7gKt1wVe5KHqw4bmNBFudE29FJ2W7asQ=","26":"28e5Dwj+DXXPvXb452XQLxpDsQ4cD3yrUwmDJQhezJA=","27":"6JlakltSnkgsjOSGgnHGLrlLoPG8LDq71gBhhJscx5g=","28":"xq3svo1DWCs04H7FUwQbvNb8K8mErsAGsPV4drdAIsc="}},"BZXmczc2KtHKQWn3lDxtuTvMKX1l9SOhXCtXWWvzklRK":{"chainKey":{"counter":-1,"key":"ZJZoOTa+5xq/bms+t4L2Rdci1mdXAE8nXCHg53yXdiA="},"chainType":1,"messageKeys":{}}}}},"version":"v1"}