{"_sessions":{"BXBFLAicZqb0T6Pwqdz9Y5DJidpUrVY6G4H1d5D1KaUa":{"registrationId":893934020,"currentRatchet":{"ephemeralKeyPair":{"pubKey":"BeeIQmqL7vQaBX2ZKoy5QTmJpm8dV8jg1/F5EGj+8HME","privKey":"SBYz2ZkPr7soU1DXjjjzVuAy+HS812PY4s692tA7W2s="},"lastRemoteEphemeralKey":"BaGMKrj2P6l7GLTntdj5/a87KezdLdMfhzUm5xTVmmde","previousCounter":0,"rootKey":"oijjzp6XrTwy05IjtZxAAU6i2NonMlRS02sGozHIbvs="},"indexInfo":{"baseKey":"BXBFLAicZqb0T6Pwqdz9Y5DJidpUrVY6G4H1d5D1KaUa","baseKeyType":2,"closed":-1,"used":1696233975061,"created":1696233975061,"remoteIdentityKey":"BYwYFRL//uQGyAUEHPe2nDPAxyC8pw5+Tw54lC1BEGgE"},"_chains":{"BaGMKrj2P6l7GLTntdj5/a87KezdLdMfhzUm5xTVmmde":{"chainKey":{"counter":52,"key":"S4KP1NowwVK5+H/DNVI1Kfr0SL6Ouw5WBzG+euWuw5k="},"chainType":2,"messageKeys":{"0":"hyK/Ii7sZOqLJ94VQTSVVCn4jK1jeiCBFjAYBbA/eW4=","1":"PAQGTojm0eDIV2VxS7KudK2qoRxKkK6wLSnFNgJ3V5Q=","2":"2V1O/duZgr9d6prJrXs0eKSkZOdgi8icw3VwSI+bZIE=","3":"rCNASYc5OPRJSHjj9kjcAbqZOfeqTBy8vrYkx91kQqo=","4":"K2uvQ/KNYMzne5HSDwecetamAnX2e4W+S+/GknGfP+k=","5":"BSXsPbex4Ry34JMWNcFu79TLTsnUOWFaHEcuSQzSKLQ=","6":"rY1BJ8+FScpQiqBhYmD4BQ69SrIM72GaZ/LcrpV+kQo=","7":"TyiMoJTbddIn5YaDlxiKr6TiRc7QK14ngZ9QUXlovJg=","8":"ggCkCVUB7LfqVsaEYLOHldG+TXckFZS6J5JvM3AECDg=","9":"bigjj3kSO1HW2QduVe+l/eRtNbw3nnB9+S9IHbba+a8=","10":"GeQ3hwk89d++KHNnwW79u3y/M5T3I1LeZtDNPgnG+q0=","11":"G2GqPDPPxJnJK3sgrc9Xn6xMbZg3cdKwniXR8uy4GXU=","12":"z7xi1h0YEo0fhM0lJV76bjnc8uqqlXxpxOKDJDASC1o=","13":"R9WKPfK/Ldya13q7C/a/B7i5f9/X3TPivGR+DRQQJgg=","14":"BAiucQ/YEmXQ+GD9Dsoe6vupiDe6Tic0AApa8QEBO9s=","15":"TMh9xfzUCcCoPgIC9L8oE1BtSkBJQR8+ZfiGbhj8+6Q=","16":"8DVKDs5sNZcfh9RkCaj/kCuQtjmgIjJhr9CXsFFFDg8=","17":"V7qqjIAKKhaB/sRBgxZtdfRbVdpm7TVQi/U3GAVA+04=","18":"WtXxxzqQuX+mQtzOEMW/ha9McDPF/McuDrHTyH2C8/w=","19":"EmdTATzlQP1IJjqWmyE4ewoQF7eIQ829DVGDPoDdCyI=","20":"qzpIQUyquBCnJONLx2CJFNo2QRToZCSPDGAbE3tONaE=","21":"ReSNAZEathWTujKEXZADpyy8FiDH3NQADFf7SqiHsWg=","22":"7g1OIrpPhSQjbDluSu8bdrXeRhB9JRmJXh96Jhrf+vI=","23":"YuqlWTnBMfjgyC4CXB8Yc5+yzVQ1JfyI9SIR+XomaaA=","24":"wI3A03I4Feo8sLNAyPNlxJ1+YIvLgatDd3+W4zE93Nk=","25":"GxSZfI/WdgAbupLfep5hfpphyJR2A8SZZIA4G1Admuo=","26":"ETFPOedcDr+B9xTCDzrUDARglBgbvZJ7FFHpqdEtmpk=","27":"8sFETLTKZm8GRkljNd8zIhe2SjOKzSZCjkz7Nwd4Lpc=","28":"inylym/N6/9vk8v3wRal5Sczg1h8ERqehjIhg67BhdI=","29":"CqBHQPq1hL4VCDKCsprPr3DXdggF3brfPqEsSZ8We1Y=","30":"v6qlrVtlrI7bsBNIMzcJR+AI8MFxFKph63wHpalNH28=","31":"+p9o7B8M1Q092LEPcan+jcmy6NZIySQ89kD5/BfeIIU=","32":"eweRAu704M1RUZJRcf/np0zvx1iZxzswlJUkjSxQ8Q0=","33":"724zxlF2NYEUJj9mhYy6ka3igGqm5WX1nJQNBsNYf+s=","34":"f7Mntb9bAw3v7VDP2ip3U2+Bt/766C2MbI7QtJiTink=","35":"vgPkfkkQCwqfkaxD8hseDGx7PVcxXXLcfnA/V216Eqo=","36":"w62XRhk8C89VM+qPxBI74uadjOXE3JHbyAXqNQ6Oqus=","37":"tmoXyOK84/NRJ+vtH3kJ2P3qIRecvXOQImZGk4Ra4Ps=","38":"QJgZbzt2memgKzgag/XDWQrtOy4YdGqV0jfYlbJhH2M=","39":"7bprS9jhdl2BeH1s/evlwoixAl70I6E1oxf9LD6YD3o=","40":"EAhTgnH0TQHLiX6QXUPzB9B6Yc3LUL7B0Tr1K4nQY9c=","41":"MAtVfmEOZyqLRC5DEtcr/nr2gG/abHYGcTQYaNbfPSU=","42":"5l/YUgFAmoo4XUkXBHr2IHNcee1qtHyyeIVKS4aXKg0=","43":"Axjd4coHy/j23H+PCvN9w9xSzrVMFwv17tvS+NSk2Zc=","44":"pWcdwUbYAiRrWXNECnEkRB08QvdltMzk0yvddMVag48=","45":"+8SRwC57jr6Yly2YzOy4qIX2GdDuX35cF+79CKMnbOQ=","46":"ulnosJIinJU/luA+IP3RDGaKfTyThXDMQZX5TypS/m8=","47":"5J+4Zdbf28g6SoIc+9ffNrrMglV8mctZ7e0jp2KjgZg=","48":"Gv44N95ug7xunWzZlrLXpyyw2OcgYseVIJmCEmDuKYM=","49":"4BOoIFq67EK5AfLhYS0v/h2SmfnV+vlW3/2f6dJdpNs=","50":"c7NAV1XYKEQFdzkJKscRsARlor23DD69fK1IbaJuBk0=","51":"NDjoZ+QiG+WCRZ45rfgJu8qVO/+RNwCiXSiGHgQu6jg="}},"BeeIQmqL7vQaBX2ZKoy5QTmJpm8dV8jg1/F5EGj+8HME":{"chainKey":{"counter":-1,"key":"24CdVDNGyU/TIdEdp78UB6zpc/3/LHRc6zf/+JtKJC8="},"chainType":1,"messageKeys":{}}}}},"version":"v1"}