{"_sessions":{"BS+nQhQ2gGI1RRUQVxYICLcrSJfghyjYFfirOwXH1pkn":{"registrationId":655396262,"currentRatchet":{"ephemeralKeyPair":{"pubKey":"BfMSerNCPzyV+71NpRuaWUFbmSVQGirC/ZAyEy3hIoQf","privKey":"eDAlEoDsPgylMnaCayVILDF/1mwnD4kosZ4kA0m8iX4="},"lastRemoteEphemeralKey":"BbBY119LOe1fRiJftjw42i+o2csrpZavZAURdp2AH6Y1","previousCounter":0,"rootKey":"lR6HiPrAkQY3UrQb2spv7Fb5VsafvLW+uIEDHjqRZKs="},"indexInfo":{"baseKey":"BS+nQhQ2gGI1RRUQVxYICLcrSJfghyjYFfirOwXH1pkn","baseKeyType":2,"closed":-1,"used":1694591159819,"created":1694591159819,"remoteIdentityKey":"Ba0xDozcfhQ1ml75xrfLE5hnGMibGEjOwWO7HZXHp54p"},"_chains":{"BbBY119LOe1fRiJftjw42i+o2csrpZavZAURdp2AH6Y1":{"chainKey":{"counter":4,"key":"dNdJT/6woKVzhF3yUX/EzeAlwgqF6UTmPYlJGuIgVWE="},"chainType":2,"messageKeys":{"0":"ksAK/i8cwG8GsuY50V2MdMNAnLC8ni0E+jKLfJWGDkY=","1":"8QApnr2BdT0Nh66PAqewXeLwWMUnnetJ0hJA9+v60ug=","3":"SkpF7yFThhGKS43wgMqcr6tCqDsnAx0wUAG86GX6SH4="}},"BfMSerNCPzyV+71NpRuaWUFbmSVQGirC/ZAyEy3hIoQf":{"chainKey":{"counter":-1,"key":"sbJAMSaafTCBhqhQjUfddZ1g+pYlwL+acG6xQlYceaM="},"chainType":1,"messageKeys":{}}}}},"version":"v1"}