{"_sessions":{"BZK6fj0eZBd/L/XJxMFcC9QttWjbSspS+c1cTMQSqDY8":{"registrationId":1969998201,"currentRatchet":{"ephemeralKeyPair":{"pubKey":"Bao8Lql2bdoI6j1jU3kPHBG6j6GpO2yvBTIhzU0OevYz","privKey":"uCIGWAenk7xgVPGNfK65b9Jd+kQBflWvZthkUiNxLlA="},"lastRemoteEphemeralKey":"BdABFMgCsdTz+bd7aSvSVaRaOyEImwPwL7eVdi4+e6Ry","previousCounter":0,"rootKey":"pPyaxvi1mzdoz2I8nCmuVKeWiET6EGxGciWmmWMtMA0="},"indexInfo":{"baseKey":"BZK6fj0eZBd/L/XJxMFcC9QttWjbSspS+c1cTMQSqDY8","baseKeyType":2,"closed":-1,"used":1696233976051,"created":1696233976051,"remoteIdentityKey":"BXLF/yWNVI1jrwNYwW+zOhd1UoI6JFDN7sHwiGkU5EEr"},"_chains":{"BdABFMgCsdTz+bd7aSvSVaRaOyEImwPwL7eVdi4+e6Ry":{"chainKey":{"counter":25,"key":"tbQNb8Op493bIX8kKLivBgXKEM/cDIoXxPlP4ON90IY="},"chainType":2,"messageKeys":{"0":"/4ULfZ1gUMcL92E0NjdUacZoBzFIjB+01X/ay9980NI=","1":"6xE5T4bRldToE/aiJKrYdKRxquP738rWIxI2xXJftbs=","2":"30Ige36CSXMxopNBcUw3JiinFuaeqgNkZQuindO6HqE=","3":"0/Xs56lT8L5v37DDK6iMqy/nVN2Cna2ukpIMmlq3OPM=","4":"y8CJ1iscBtr3s6jgnNBYY/TEh6RPUU0oZk/SbtW8dSE=","5":"FWli0zMsOyji97o7rPU2LHBljy5QoV30bM75eQotQn4=","6":"OhuxKTw8coBQSHGc2HNHxdOOxyKtPD1lJiMxDvRT7ZY=","7":"Szi9BwEnJN+JT5i3MpTACCwPfZNZ5C+6wrktPiPyjh4=","8":"lh4t0tFHPbO0nHK77btPZNCs5yPti4KU6+kOlQCMmfA=","9":"O+oLAtmeT3E83Rs5AuEzHjfwlP23m8pezWoIFg0FI1k=","10":"hfJh75HjNB9pgUVRiH5jpnLJK00T+t/yQoduRvoRDu0=","11":"Tc1mbs1YL57S/2NoKi/9jIv0nrV9ZzKG5oE9sOBK03o=","12":"8RqIs0ab5vsywtsC6YPSwNKCx/zquLE780t3Mu7r6Qw=","13":"ThG56ZuGkKyJvbsPxspbr7fsw4wM41hZpuga7TpGgP0=","14":"vsJ0o82PwR6mgLtx6pzZ96TSqQpI1kYLQiE7HPKmh4M=","15":"aIy2PAkuI8MEsfpmye7mywQRW2VPDQl3BNCrmIhRq5A=","16":"ZZMm7HBTqzJ9YOa95D8kOh2JFETvfe/dJgv3V4WcUz0=","17":"kfKhZdSktG2k1pgh9JUNdn/XDFmDskqYK62/XHZyI0Y=","18":"1x9jolx8Y6GWdKAGr0PeLQfNVwfQokfUj8hF5l7iVwY=","19":"R/5D7pKiS/zjV4wn6OESHC7VcLf2Ww4WJFnwOG2c35Q=","20":"OGvvtJC1rozFxCSSG6EO8n1qbKT5f4nBZZnfhxvUwGo=","21":"4S3oMwf3P7kFEzNAqBfjp6hGjCCHgDFZl80phG8cbLg=","22":"IXR/esnbrcOsT0bKvlc232b20L1pjgg5JNCzWmkOVGE=","23":"7A8dmPc7rnwBRROo5/lulY+sKL4pJvpm5fS8Zo8Cjrc=","24":"sxEEQR2hWVgkMZN5MJjfjUry6OZak1p2mYNJ4ARYGpg="}},"Bao8Lql2bdoI6j1jU3kPHBG6j6GpO2yvBTIhzU0OevYz":{"chainKey":{"counter":-1,"key":"ZJbhUUhghVcKNU/fvwKvYzy72EymVB6ha5MnYalyycg="},"chainType":1,"messageKeys":{}}}}},"version":"v1"}