{"_sessions":{"BWkyFlX9+WUtPFD1i29FtoIvHGMPLblLm4Zx1NFi5Yx1":{"registrationId":488553571,"currentRatchet":{"ephemeralKeyPair":{"pubKey":"BdeOUnh89Ih//PRJYW65tv8P05i4X5XCmLu938o4SGYr","privKey":"SK1IWN9LTaZDc4qbPEaT4Siv6gxH4ZPAuFiVwvDP+3Y="},"lastRemoteEphemeralKey":"BcmTImKuk7E5i7zQlVd+Vbi0C+TIYQ/z0XmNX0Y9scMC","previousCounter":0,"rootKey":"PcHeIm0VXE4txJ6tsGHdn/XFcUQLCSyzw/bXx1sqKtw="},"indexInfo":{"baseKey":"BWkyFlX9+WUtPFD1i29FtoIvHGMPLblLm4Zx1NFi5Yx1","baseKeyType":2,"closed":-1,"used":1694578138604,"created":1694578138604,"remoteIdentityKey":"Ba/9KX/Hbq4JMGuCwex1JFSmkay75/3Mm0+ewH1EhGNz"},"_chains":{"BcmTImKuk7E5i7zQlVd+Vbi0C+TIYQ/z0XmNX0Y9scMC":{"chainKey":{"counter":1,"key":"9X7jiJKFPmLPTFeHwLpaxeib32FY8s5dYPVj7UYRu1g="},"chainType":2,"messageKeys":{}},"BdeOUnh89Ih//PRJYW65tv8P05i4X5XCmLu938o4SGYr":{"chainKey":{"counter":-1,"key":"D3TOkVu5oOGpgX5AF9dJZKPpPBNqoePItY00BCz04nM="},"chainType":1,"messageKeys":{}}}}},"version":"v1"}