{"_sessions":{"BSnGMkwZiwnOad+OqBNg2eIX3Jl1DZmNA0pVO/BZXeZx":{"registrationId":914832503,"currentRatchet":{"ephemeralKeyPair":{"pubKey":"BVcoguGflLSM54SG45/KLaV6OCFtdgpNldm8Lq8KDP9/","privKey":"iFZG/sF1cRp1zvItuqgtj6Oi8P6cKgNX1R0P+36aSW8="},"lastRemoteEphemeralKey":"BZ6mATqdR/i+m5qVCTQZZky7+RTDxBWEXm1VnEBC/m8T","previousCounter":0,"rootKey":"yH65gSRCUyYB9UZG7HmO9PGq5GYOlJ8hBy1BRrtuE3A="},"indexInfo":{"baseKey":"BSnGMkwZiwnOad+OqBNg2eIX3Jl1DZmNA0pVO/BZXeZx","baseKeyType":2,"closed":-1,"used":1694515781606,"created":1694515781606,"remoteIdentityKey":"BamkbGOq37eXCx/IgQ8lb6twC69XEwxRcTD6UMnBOU1v"},"_chains":{"BZ6mATqdR/i+m5qVCTQZZky7+RTDxBWEXm1VnEBC/m8T":{"chainKey":{"counter":8,"key":"mWd4hb9wQFjwlgeXnlyMhfVF6/wJoiwUp00ZLVxs9wI="},"chainType":2,"messageKeys":{"2":"fA02A0SY8G1gkQX404Odj9G++SLVS80/UYNaPBvzB8Y=","3":"sdnYYaXR0d4teE8mDnDll2NBiXbQoTaAes1jZixER+Q=","4":"Q0/wPnj1DrBDQaljxjtSi7vEooh0Kqzrj4hudal4M8w=","5":"6U+ehRTA0IRa/XjuGSfB2f8rSZNPQfcB8j4Ar2mZ74c=","6":"YdA7gHkn7rKa54WvKL8NSJ5NbYpxa0jLhHaTdUtideI=","7":"/4TBCWUoqfzAxI13cCCiIoQiBJJB+dnXWr4O4plQEhA="}},"BVcoguGflLSM54SG45/KLaV6OCFtdgpNldm8Lq8KDP9/":{"chainKey":{"counter":-1,"key":"GJMZzXMXK+vhisXg0BF65WBQ1smTqEQbtpcHac+d6c0="},"chainType":1,"messageKeys":{}}}}},"version":"v1"}