{"_sessions":{"BbGFpIZO/r8JG0B76mOe103VwFBeaVwM+PyLbAK41hYU":{"registrationId":1658647587,"currentRatchet":{"ephemeralKeyPair":{"pubKey":"BVAnkU95UN5bxCaprk0yMJkPKO11Ib2C0qiOHg7FeFRG","privKey":"uP5REAwvDu08mSOkwEL2kxaDYPUxJQ5E7SwuvPuRQ1k="},"lastRemoteEphemeralKey":"BWX5sxz5pjKZVx+QaTfxl5hfChlcVWMtIu20FEKn9lgf","previousCounter":0,"rootKey":"BJDaU+jyLsiv6kvNh1b9AyiN9CimcSCsXLwdiVLLpaA="},"indexInfo":{"baseKey":"BbGFpIZO/r8JG0B76mOe103VwFBeaVwM+PyLbAK41hYU","baseKeyType":2,"closed":-1,"used":1694578145148,"created":1694578145148,"remoteIdentityKey":"BfIGDbg3Rd4AX6tW0egNLAJn2kmjA39DzYanfdGkFD5R"},"_chains":{"BWX5sxz5pjKZVx+QaTfxl5hfChlcVWMtIu20FEKn9lgf":{"chainKey":{"counter":12,"key":"bbDWN7AcLcZQ1jDn6szHyjnXZ0FZc9gRo1Y+hV9uxW8="},"chainType":2,"messageKeys":{"2":"mkNjE0y9L3UEcvXSwHOPWrRRgsBupqUWy12GscayFYA=","3":"9YOgSBwP6mow4+H+1cIuu/HlcZEOgqCt2JKu4wgBIno=","4":"1qTkUmTRIn8M/3/MawYRHKKC0opRGCV0EhreuISVy1U=","5":"2JsKtxJgUCiSUbEqyris9adacZt3nQBpDsliDff1es0=","6":"xnG1PDan77ZkBHjzk57UGqps2RaJ9iE0Xap8UN0o4w0=","7":"82N4wzgdbki6/P7JnNMhEpIjoTOLRdRz/kaKK8+vAfA=","8":"xahnoE+5SSkqQ3aFfKHwjUBR8aVpdeZP1E+hmtJdFLI=","9":"UEuf70Rzu/m/gTBlnECuJcZh5pcjxV9N6m/x3W9aDgY=","10":"8aUIpDhSaJZBOdpNPm6yYtkZT7cXjr/B9OmAC7SgDMQ="}},"BVAnkU95UN5bxCaprk0yMJkPKO11Ib2C0qiOHg7FeFRG":{"chainKey":{"counter":-1,"key":"eWYT8qwclXaHDCAkm6JIauoV99jq3/MRtSt1Ru0ZxLE="},"chainType":1,"messageKeys":{}}}}},"version":"v1"}