{"_sessions":{"Bc/KuUR4Sh6iO5YEaqHDAO0JfC6H0p11Ln42V3u/iMFa":{"registrationId":1251827017,"currentRatchet":{"ephemeralKeyPair":{"pubKey":"Bf7ahd323m+8ip0U18ePNVX5mz5Qlhtz7z9hGN0q8yUH","privKey":"eFsZ/hRb34Aw6veDenCJ4TxlN5EX0pmb82m6W6cnj0k="},"lastRemoteEphemeralKey":"BaZfB4xHObh+D2kE3keO3x2THd38+iiHXCRFrhMey2V9","previousCounter":0,"rootKey":"ceoQmUgP7B38w2Y8gVAyVjSCw3yLwaO2tB4RGrmw2X8="},"indexInfo":{"baseKey":"Bc/KuUR4Sh6iO5YEaqHDAO0JfC6H0p11Ln42V3u/iMFa","baseKeyType":2,"closed":-1,"used":1694515780247,"created":1694515780247,"remoteIdentityKey":"Be+nQ2I8LB080svvqMND7+2So8tieFT9gSmc+3S+29BB"},"_chains":{"BaZfB4xHObh+D2kE3keO3x2THd38+iiHXCRFrhMey2V9":{"chainKey":{"counter":1,"key":"MFqglB5pubXIwK9xwSXjNDmLZ3z0ul/3BMG5jZt6PSw="},"chainType":2,"messageKeys":{}},"Bf7ahd323m+8ip0U18ePNVX5mz5Qlhtz7z9hGN0q8yUH":{"chainKey":{"counter":-1,"key":"GjPf0H+pLG2glGUlHG8CiIl4Lie4nf89a2ZR76v4Kek="},"chainType":1,"messageKeys":{}}}}},"version":"v1"}