{"_sessions":{"BV+hf/2EUHwB0drbhWEmUiwMyg4jNSSgVATuU/gjxv8V":{"registrationId":751587239,"currentRatchet":{"ephemeralKeyPair":{"pubKey":"BUdh93WmcW4+L3pmtLIARYt92jiMZdMHx4Rtr7SG/4h3","privKey":"AEj0ATJQ6hDeGsCAztmsfO8uOdLUzWblVb7Wh9qrdWk="},"lastRemoteEphemeralKey":"BQBPVkezDFYCfoaQ3rl9e+lWL1R5/x98xmuV8uNAyRl4","previousCounter":0,"rootKey":"eWEa8m8VOQ+4+EzhNusAG9SAWTh8OV3MpvS2l3I6vIM="},"indexInfo":{"baseKey":"BV+hf/2EUHwB0drbhWEmUiwMyg4jNSSgVATuU/gjxv8V","baseKeyType":2,"closed":-1,"used":1694518598923,"created":1694518598923,"remoteIdentityKey":"BVZHjleb29KTU07iZSngZ7NEodCA15gNYTPL6EWqeLRe"},"_chains":{"BQBPVkezDFYCfoaQ3rl9e+lWL1R5/x98xmuV8uNAyRl4":{"chainKey":{"counter":25,"key":"5LGRMIbyPimFYF0/qcNocJ/N51U1AggPtz2cun+MhY4="},"chainType":2,"messageKeys":{"4":"zXc9QU3t2bYa2m+HQWgSEZ8zdcok+ASDqdQZFFmpN/o=","5":"oOD14un1C+zpDvw+bXxSjajubblNsXbTEExxl8kD74c=","6":"Z/RQFqMn0dMXmyBLAKa8WrEcG9dMsbsxuDnweKdQHII=","7":"kQPe68USRyGD0g3AysVaTcL6ZP9pO0+73DYOSgOzNBQ=","8":"U6IajSmsnuKO1QWaBO5EoNdzZ52BdoSJbkwp3d6s+ww=","9":"yOT2gN2WV6al+jY/chmRs+hT7IIDC/vxRgw/hmhDhgE=","10":"06s3jN75OuNJ0IVy1B/M1UvO/UzB2gXGTnFmYBXsUH4=","11":"CGFp0lBwnlS3ellV4LMlVMlDmypcCi/iEwOzQC1xzXQ=","12":"hcsbrr/Ir/rwsjwXS1ezt5oxr+i79p6Dv+31MTNDm4A=","13":"Jex8SKKjn2DGUFTyNZZPswyJxSlBKrPP1e/0QAG+38I=","14":"dGWSClbHda8gAumx+/z+RA6gCQaZ1y0XOD2mpX/AfkE=","15":"Nrzn9P0ll5OjULroVWWy9TPrtlwamKPwgMZ/5+ydcXg=","16":"aUJ+yJSIc39wnoG6LzGNxd3ULTBetdxqiD+LYNANqhA=","17":"8J9Ru1+E1HPMRmBCN7wzUUKoThh6eBLXEdwGzNepLpk=","18":"XYIRQOarhZqcjgZlScIbJC2QgUBHtxqlS7YFPpPltu8=","19":"yLAQ4hwORMwVoZ5QSqvEWVSCXNqaKOev7HIg1fbId+g=","20":"gQFreVRpwNhk2d3M/Ir6eCX/AEuxXZ7fz5CNd8HF/R8=","21":"XZ7nA1htY/qg7nB8l1UczHtn0N15pzcobQLJhUV8eJ4=","22":"HwX1nqd5i4Kf3e+Y6BrC0yhiEPc/8Sde64IE5aN2ED8=","23":"2iHlG/sviFv306eF8SkHiZqu7Jtxx+oswqkHH7jumFo="}},"BUdh93WmcW4+L3pmtLIARYt92jiMZdMHx4Rtr7SG/4h3":{"chainKey":{"counter":-1,"key":"V4YZ90qqZgmHgzyWvNcAIA5sLSVo0bIEkeKsECi83gI="},"chainType":1,"messageKeys":{}}}}},"version":"v1"}