{"_sessions":{"BTtxhTNB0fzRiJ3GuL2xn2Q0ZH3RaEUgyzE7cdtDCfIS":{"registrationId":2048799099,"currentRatchet":{"ephemeralKeyPair":{"pubKey":"Bd64mHC5+w6ScpdvkIhjIpffeQy+bexYjudBFx5v9Sk+","privKey":"sOyEi+Or2ppfW+my6tmXaA/xsU/YCEtzn3by4nYDMEA="},"lastRemoteEphemeralKey":"BSbtUupcrog41u8ovE0LxuERY1Y+QiG7sQzOCtPZj0MW","previousCounter":0,"rootKey":"ZzOjfoOGwscUvViKfT9cc4YM9Q0o9/6BiE0W5JQQ8c4="},"indexInfo":{"baseKey":"BTtxhTNB0fzRiJ3GuL2xn2Q0ZH3RaEUgyzE7cdtDCfIS","baseKeyType":1,"closed":-1,"used":1696233989846,"created":1696233989846,"remoteIdentityKey":"BZc5ys7y8prnBKoNxfIm3bbv50d6GzxFAE68Rz+MowAz"},"_chains":{"Bd64mHC5+w6ScpdvkIhjIpffeQy+bexYjudBFx5v9Sk+":{"chainKey":{"counter":3,"key":"LZn16IwKcX+tzp3FyNOfebi48ZHb/1Xc7PwEg7Eec9I="},"chainType":1,"messageKeys":{}}},"pendingPreKey":{"signedKeyId":0,"baseKey":"BTtxhTNB0fzRiJ3GuL2xn2Q0ZH3RaEUgyzE7cdtDCfIS","preKeyId":830564}}},"version":"v1"}