{"_sessions":{"BRFXnrKkueJJBdj2h5wyAPtwvxqRNYNk9ei/yE3wzWwC":{"registrationId":532261387,"currentRatchet":{"ephemeralKeyPair":{"pubKey":"BfTuFCt32W1NdulCz8XjRVYUXhvuElinfutUmuUfRfpX","privKey":"qOTTaFUki5Xes4P8MqEL/k4QL//rP/BVsrfxk3t+hUs="},"lastRemoteEphemeralKey":"BeNk53rLL1dDCxHYcxuxL0vKDqloxffrZdI+spY1CKNt","previousCounter":0,"rootKey":"AejrGVRDCJ7xr+v8nw9xLb4Cme6nYrsNx+ZHyzp6jLA="},"indexInfo":{"baseKey":"BRFXnrKkueJJBdj2h5wyAPtwvxqRNYNk9ei/yE3wzWwC","baseKeyType":2,"closed":-1,"used":1694522372821,"created":1694522372821,"remoteIdentityKey":"BUiSwf/WEXx2ZF+GHNvoBSsPFtcYNcGuDzipwgEz6idz"},"_chains":{"BeNk53rLL1dDCxHYcxuxL0vKDqloxffrZdI+spY1CKNt":{"chainKey":{"counter":1,"key":"ta6wRn/az2AepTYMlooFMe5WaSP6v8PbIKVpeE6HTU0="},"chainType":2,"messageKeys":{"0":"FRvKQyn4nA7Icn4TPnOocc4lNCQvXVpea6QysVXglFY="}},"BfTuFCt32W1NdulCz8XjRVYUXhvuElinfutUmuUfRfpX":{"chainKey":{"counter":-1,"key":"zsdsnI7jtGx6TooSZuwia0C9CFwtm3XicNTQIAeab9A="},"chainType":1,"messageKeys":{}}}}},"version":"v1"}