{"_sessions":{"BdQaV35nckA7ia/6emZkjyV+9pWZ2CjH1bfVkeu+CnRV":{"registrationId":1026555316,"currentRatchet":{"ephemeralKeyPair":{"pubKey":"BSwzcZnarvOv+snjfIEibhRoI0w6gZ9dtZbTcafwTddF","privKey":"cLp0ToPjjANZkqhmNScb9JIlK9q3BzeavfEOWhXQrkM="},"lastRemoteEphemeralKey":"BXiK4A2U/IKWe0lpU/EDButL6sEsraf2qUHtuRxtkxUB","previousCounter":0,"rootKey":"VA43d+PWKMeCNlHOhq1QFShVGn3HgKa5QE0HlMqsVMc="},"indexInfo":{"baseKey":"BdQaV35nckA7ia/6emZkjyV+9pWZ2CjH1bfVkeu+CnRV","baseKeyType":2,"closed":-1,"used":1694752182500,"created":1694752182500,"remoteIdentityKey":"BYy2cuM5xXYE+y7P8vC8Dt4//R+vTz3NcPs9Hm/EEXlY"},"_chains":{"BXiK4A2U/IKWe0lpU/EDButL6sEsraf2qUHtuRxtkxUB":{"chainKey":{"counter":14,"key":"ic0a8BVc3SN5Z5/oKZjrMG8RolpZ2K6qfRrD+yEatvQ="},"chainType":2,"messageKeys":{"0":"OQfoflVLg4lx87IXKltQBk9oT98urbLK1Yv4BnwyS+A=","1":"PiORwD19zI9vdjUpsTfnYXzq8eAWV+JnLBAc1ibSDPw=","2":"9poBELZ1Jd+eJqxEuADOoBgRfpvyY0k0SI5/Q9OK1Rk=","3":"wHCXjgXrjtSBerp8kXOY3tiyB+REvygL2UmpT+Tsh3s=","4":"hXlorIVERDiigc0AP4Akg7h3N28iBVRdADb4NzCNtXM=","5":"8YV4/Ww9I+o3fHLYq1q3XYeLGowbkxILzF4/hetKI7o=","6":"R3JT7FxyWu1kqa4CRR9gLfUnu3FzsEfb209JxR++5R0=","7":"Q+SqBm1GcwEncT9YXD9Nn9/OgKLb/7TGNE3PzYZaKwI=","8":"7UScUe3BparkXQzOnBL82gXCyQK/DyNVfPuRgXngZgU=","9":"x+fLgZ4eTLQV1PzvURNOBEpuSRiblFfowGfw9urEq08=","10":"LriS4pfcGhQC8EsVTqydcuDwppz7PqsMDLzPYHI1Duk=","11":"AW6GlZsL/P/g3QlMBzJCLSMhDQy4LLPa4DixU3pLQ5M=","12":"7aqtToBbWHw2SMPKZ2ZeICvmN/SqGMkqJ0Fg5aHUi5Q=","13":"Momi3drEEOWucZ0N3TgdX2hX/S0g0jgDVKHB8OJbusQ="}},"BSwzcZnarvOv+snjfIEibhRoI0w6gZ9dtZbTcafwTddF":{"chainKey":{"counter":-1,"key":"2/uKv3nplzoeuOzL1TGj4Ex0P6oBQHsNZLHJWPMgo4c="},"chainType":1,"messageKeys":{}}}}},"version":"v1"}