{"_sessions":{"BUQXHF7hdPhsZC1/dbTqFEct9j3tbgfDVF0TtluXB3YT":{"registrationId":1020709381,"currentRatchet":{"ephemeralKeyPair":{"pubKey":"BVRTp4MSeXNhRJ7ra+FkbVb3Z/gkzl98U4ZX1ifOj6kF","privKey":"EDCGzetRjHJEXugVKwqfGH+cPxWVxglYaCje8lMC4l8="},"lastRemoteEphemeralKey":"BXzgWY2Ai/w1DPKJKDDrFmGCpUXfPK/k0X81FfROiGJy","previousCounter":0,"rootKey":"DXoV+TVQ3wpCz/P0j9CnGGcQwm7VSy40iiksbr6be9g="},"indexInfo":{"baseKey":"BUQXHF7hdPhsZC1/dbTqFEct9j3tbgfDVF0TtluXB3YT","baseKeyType":2,"closed":1696233990596,"used":1696233989776,"created":1696233989776,"remoteIdentityKey":"Bbvmg8EzM5FAl0uvBW4LRM2zQ1xYY8xbbgsitvx+7ex0"},"_chains":{"BXzgWY2Ai/w1DPKJKDDrFmGCpUXfPK/k0X81FfROiGJy":{"chainKey":{"counter":1,"key":"c9MsOtiYgSnNn0XvnpRBsIpRa0kX0Pn9QQkmaDlW/U4="},"chainType":2,"messageKeys":{}},"BVRTp4MSeXNhRJ7ra+FkbVb3Z/gkzl98U4ZX1ifOj6kF":{"chainKey":{"counter":-1,"key":"og+4hSFttpNyu6bwP/bpjlUOoDK3yAZWNIGfl4IU7BQ="},"chainType":1,"messageKeys":{}}}},"BcjEf/blXqYDAaEMTASDvWQOAeKraktg01A3mXPkYWp8":{"registrationId":1020709381,"currentRatchet":{"ephemeralKeyPair":{"pubKey":"BQ3wMKxUEKDWWSS00PbVx6fH/AopsLoMCj+Tm95ZhPIM","privKey":"0NBiZTHtaQh2v1+IA3QAlW3T7gFXuGut/x+NvlX2NV8="},"lastRemoteEphemeralKey":"Bdey8nE+R92LcTaoOv5fQFUX6wvNqhIUqiJCQWg/IiZO","previousCounter":0,"rootKey":"2OrsS5zsEaBJAYhc6gTVABhwMm33k/TCc5p+u8hGZvo="},"indexInfo":{"baseKey":"BcjEf/blXqYDAaEMTASDvWQOAeKraktg01A3mXPkYWp8","baseKeyType":2,"closed":-1,"used":1696233990602,"created":1696233990602,"remoteIdentityKey":"Bbvmg8EzM5FAl0uvBW4LRM2zQ1xYY8xbbgsitvx+7ex0"},"_chains":{"Bdey8nE+R92LcTaoOv5fQFUX6wvNqhIUqiJCQWg/IiZO":{"chainKey":{"counter":1,"key":"uNyLQWZRuFfGWMqcWMqDKtKOk40AkoasZcSHKxBVKhk="},"chainType":2,"messageKeys":{}},"BQ3wMKxUEKDWWSS00PbVx6fH/AopsLoMCj+Tm95ZhPIM":{"chainKey":{"counter":-1,"key":"Q5fD99b/t16BGOF9SfV/pgLPctiWsW6hsxus4WLTsco="},"chainType":1,"messageKeys":{}}}}},"version":"v1"}