{"_sessions":{"BVdZXExrWuFX/k5fhK85fFfXufwjCM2pDfwzBE2K8cZE":{"registrationId":1344686380,"currentRatchet":{"ephemeralKeyPair":{"pubKey":"BamLAScYeFUqUdiVKc1lG/5f4k+p3JfvfJRdT6y86kQ3","privKey":"YNnE04LRPs8bdb3bmMqcZNgbyX4TcrYq6f2CBAtXREU="},"lastRemoteEphemeralKey":"BfyRskkxaEg5TADzep4hJ6S6wetWr8RE2lZWp21MWnVc","previousCounter":0,"rootKey":"ydTjDGR8gXfs6HM3L90WULCkvJLgoQWM9NhU9ZFvnVA="},"indexInfo":{"baseKey":"BVdZXExrWuFX/k5fhK85fFfXufwjCM2pDfwzBE2K8cZE","baseKeyType":2,"closed":-1,"used":1696234417390,"created":1696234054675,"remoteIdentityKey":"Bbe2Xby0qowBJROksNbQ7ZCQ+QuVC7LGRLmAgImducRK"},"_chains":{"Ba9d/36GnAsRQN+h4oDzwA6zqU7YwP41vD8u/dOnC3wu":{"chainKey":{"counter":0},"chainType":2,"messageKeys":{}},"BfyRskkxaEg5TADzep4hJ6S6wetWr8RE2lZWp21MWnVc":{"chainKey":{"counter":1,"key":"qvcD6pq7OeA6X06PcfpAmkXtTwz7uWlbZa9CkXOFci4="},"chainType":2,"messageKeys":{}},"BamLAScYeFUqUdiVKc1lG/5f4k+p3JfvfJRdT6y86kQ3":{"chainKey":{"counter":-1,"key":"vMuYtGJXsBE/K+QphQKLgr6mUh+uOP1Csq/FSeMpyQA="},"chainType":1,"messageKeys":{}}}}},"version":"v1"}