{"_sessions":{"BZ+I7SI9tHQtrdBMtxAXnaOigf62Q9NcVRuWKCog2F0h":{"registrationId":1615967396,"currentRatchet":{"ephemeralKeyPair":{"pubKey":"BceKMZg1M88oo+FFPTzmDKy7Scn18F1mXar50/KU6xER","privKey":"IE9fJmtCMvOiq9nH+X613hiddDu+SKvGL/KqQNGnuEY="},"lastRemoteEphemeralKey":"BcDncCLeBY5RxFgPJiQuiipGiZ0gaKHaBjoYE1wl81Nq","previousCounter":0,"rootKey":"4ncOBgrQx1tB4we9EjfglXkNduT2auXWeemlzKgY7GM="},"indexInfo":{"baseKey":"BZ+I7SI9tHQtrdBMtxAXnaOigf62Q9NcVRuWKCog2F0h","baseKeyType":2,"closed":-1,"used":1694505035229,"created":1694505035229,"remoteIdentityKey":"BShRZQy+gHThfaHP2mJNyayaeRhHcCBEVELnAr2kyAZZ"},"_chains":{"BcDncCLeBY5RxFgPJiQuiipGiZ0gaKHaBjoYE1wl81Nq":{"chainKey":{"counter":78,"key":"qWaetq3PzDllfCPlPVlXg4x9tnHlmqdepZYm4zu5QXU="},"chainType":2,"messageKeys":{"0":"CxTmcxwhRXc84efWM9gl4/FBu03h4gLQq8BXSUgNXrQ=","4":"rSJSvSW827eM3WQrM/P2gSRuQM135Nif5fYKzct+3uc=","5":"q8fNvdZ5kJZAOrzoIDqpYSH3LLcxfGcXH5VJ0km0GBQ=","6":"7K1f0iqcpdaHJMzha+kQlTpwUCVPOejX2JwJ8/J+naQ=","7":"VnO6FG07j+HoVjwy6oZXQMqdZA4Mo0R2K1SlGV4YJN4=","11":"/DE57ffAjvYQf7pMnpjXQwE2/f1aKfXAMmswxHc/myE=","14":"Fwowp/8Etzivf/n3ofjJhatcSSoRzUS2hpLHYqiF8jA=","17":"qOW9F1TOdyqHSTS19BvKU2CQjKq6EnPNhriUzusHyNU=","18":"wvXLFmOyv3o5gGGPgBLZfSQWXgwth4LFMR5t9tAHmHM=","19":"1oTxzrWwXMdNy5Iml10NW8DF8Q8FxXW5UAng+pBr22s=","20":"gQEWzKH5HTOuIdIozTrRHksTtuC0J+AcJ5qhgf237UQ=","21":"vr6HhDdpS549i9xhXd9KwrvAVatE9Pd5Jvb1arCK/PY=","22":"uBFxc/kiylkgmYEF7BEUBYyFKf6Pfiu32ZadQWOpWoQ=","23":"zh0oKeJPPLplvnk89ldhp/dwKEMrXMttw583z3K8Dg4=","24":"/rcrWKAC2dgdqM0tkrj3TTS5plo/ENcU52HxI746D7k=","25":"XvjwO7dh7cJpUOzx4qEhqpqPlzQYinKhoQVzPojc+7Y=","26":"h5OWO5+PYvvV7w2tuGhwrCSe3BKO9sIj++OrNxvXBUE=","27":"cyYwxzeIh56rXgQXz63VzzdUzhS7qUgemau/eboU+A8=","28":"Svdk9tFMZYnh5V4iU+fdROH7x86/oVzhqFwEwTbPJ5U=","29":"yT+4XlQdX7iJne7IZn2S/Wk4H9zGSbgGURrYLpxjNeQ=","30":"oSHweX8AMsQBbGGzY/MzlI1sHEleHNvJYjtaEfl5kyo=","31":"BojppcoGWYWUE1/pMU7G0VWh/eDWVRl36/8ppbT8CsY=","32":"ou8kjESVG3j94m6ox7J4ggvVZfyzAA2S3B/Y9wGKUdQ=","33":"I9BZ94NekSbRYLKGI/ZuyDxCQEkp+Fm1tK9iAXYWW1U=","34":"o9RErWIgNO+XliOI54zVrAROBwV37+iur8UsQOkpgf0=","35":"EWOyhvz9Y6kutwatCmgOZv8JgxWvDPAL7ikJm532o2E=","36":"iFhYLBMpzM5k+l0JRUVxGGBCki/zIdTDm7gYlg/ItvU=","37":"AFtfSLv15yghsIAdCLVR4o6K/nC8KyEgLLiWC0inEJk=","38":"SCH5HEielIPTc0WqXlKrbOj4Bj4B167PBSlHWiektME=","39":"psFewsssHV0vXRjEsaHEPxpJi5dr5nCdpTtI90f+3Jg=","40":"c3P50g8mmvJEIr6nPJlm0XbArh4Dw0O+C56HeKsn7tU=","41":"EXM4DwZNEs7Y3p3ib+gEZRn43itxKTdfSHX/K4vKC3Q=","42":"3ypKlr2pS0/RlBYvlQIMouC4C6RYJFBIdTngK57zW6E=","43":"NB1i2EnGpb6GOC1fpkCf7p0sKb35wXjj/S78SIccjOg=","44":"lOHvddSKLhwM7Eg47eVbE7pPnQ1ml2F5o+t096wazSU=","45":"MT++cLAlHnqsmi8d/sPr+L+mc0ZFYG/GHGNzgu57Xh0=","46":"FpN/Pi0COYS1b35DnW12IxSXAKSo/se1RwP/fxxhew8=","47":"AdPILyYv+wflmOvRuDZs3HhcBRIPHWkt75/BRGvTseg=","48":"qET8j8TjOkNpOyUfN+lTP0RSzopQbRNmY8mDhY+3ICk=","49":"O3oKs41esDMGoSqACp7qwfROYIWN1EJozMQ3WkbGcas=","50":"bkAlYAlJjtG1Txj8+fvs/J/fQpFCgqGAiqteiNuRS30=","51":"G8eTcPFUBMAD59rEAVM4nGDfRCDEN0tr+lpbarnzggI=","52":"vWPuiFWX3t62na7lprCnRSEZm+29ypPUODO9kEwSiNY=","53":"yJLU84eNGTBgQ7qjA9onsKasJwNikDo4BrRRbIX7Hm0=","54":"TLq9PKQmJ92DwGyxu0yIvW9koAwsTlYOoP+F6uZ5crA=","55":"rA3uM3iPJL4gCg7YgHU6bcC/QMJdypdxv8Ur0itaxqA=","56":"RXnqRt8tGlpGeIGA7TJxavPBztjoVUM3Ww4By/sZnJ4=","57":"cLxA5u7GCFD8gIEBVaL5o0EPJXG3jd95uh7g0CY3eb8=","58":"f+dCYm02bxDFqikVywnCuK3K+Va7hWu1YH4JUFzPJHA=","59":"ZjXJyFWHZt+KwVIeV5rFS4oQB4qrw3vBA+4jTggizGY=","60":"reWNbPyOcuyrc2LqyncbTgApzmLcmd0eHJ7yDjjRKzk=","61":"U0jaxAWZqHgGcNKN8NyT5zkOp1QOCRcrR9gse2qCGYA=","62":"DSTpzzoG7qAJ0xWH4QFaP2RMBl7NX9bszBR8vRkbHoc=","63":"/2YNjl+6HAtRSfld8DwXbXPBhn0q2DXOjMHpClePqHE=","64":"8A0oEXqIM5Vxub1YPHKKjMXi/eYOs83zUOawtQAjrkA=","65":"ihxyd6dx+by7J0qPOEvMlxa19otR2FcXor2zgwWsGg8=","66":"RZzVGREYmvGVYEZ0Ikh14CYUgI+egxOrUc6e9hJN5kY=","67":"wR8JDCENS/5yRzuXITTh9J8p4MMHS+tH0ZZJqSRpVBk=","68":"i7kkOf8CLGHz6+p/67SKbiU6KY5R8wJp6d3Ix007sjo=","69":"5aLIMbj4TAisv/Qa39Vqq8j2bX4+AZlDsjhZwK3h2Ts="}},"BceKMZg1M88oo+FFPTzmDKy7Scn18F1mXar50/KU6xER":{"chainKey":{"counter":-1,"key":"8KgTG/Dr3tt7YNVzYd215dkjZeVJDv3bfcGXigU/ueQ="},"chainType":1,"messageKeys":{}}}}},"version":"v1"}