{"_sessions":{"BRAz3bt9jEv16wxKLObwPDNL3SrMk74BSZx3KirTt3E4":{"registrationId":1872831687,"currentRatchet":{"ephemeralKeyPair":{"pubKey":"BURHqBBZTgKcXs/Ckbe6SDAyci+ZNAPy7yqpwA7fBBcs","privKey":"2L5C1pc7WpYed4A3kK2QecwsyHAfat3i7fQuOcaT93Y="},"lastRemoteEphemeralKey":"BdDrDBFC+XTB6s/PyuAbBiLn408mLcW1O2CY0HJ7au08","previousCounter":0,"rootKey":"5FIt/6CUKGLGhXhGRBB3R1XnZwbwbjQAgMeoK5ZUfzI="},"indexInfo":{"baseKey":"BRAz3bt9jEv16wxKLObwPDNL3SrMk74BSZx3KirTt3E4","baseKeyType":2,"closed":-1,"used":1694752162027,"created":1694752162027,"remoteIdentityKey":"BYHx/Q8CXg+P3mXABnGCjrnX2k3kxGcNaq3zQeWcp4RZ"},"_chains":{"BdDrDBFC+XTB6s/PyuAbBiLn408mLcW1O2CY0HJ7au08":{"chainKey":{"counter":11,"key":"ih3J+33K8jnIQ4pSFpEd5+Uw0zy8fp084qYMmBtiEMI="},"chainType":2,"messageKeys":{"2":"PDl3S5BH+aaNjRIqSUw7inUQsru9qJO+SICAqFABRoA=","3":"FsK9cWT/6BVPES+nvdrvURNxNGQrFipHbdDb0T82NnM=","4":"9jYXq+7jBEIGM3Mfyj41oAwBPTlFlAcbAHhAxJ+W+9Q=","5":"lB3b97htliCKS4uqu48Ai2W9vYO+0nVmMY0b8d9M/9o=","6":"4Iy3FE2bZAG7uzrDp/hxhYFInfY8XQkfbEoCviuPaiQ=","7":"1gLQwtKLbkEcpsk/MXU4HwA4IZp2mbTba+OE3Lc4wp0=","8":"GxNDylpTmYnzwD9wV4xnaI3RY7ascRJcqf9eEpWvTIM=","9":"Vzf7K1OHETB0nCF6BNAg66v5T66INrUIWgaNg146QY4=","10":"vh0NecD0dbnhXhaLeHkTTWeGuxvquIWCVMvwrY01jRQ="}},"BURHqBBZTgKcXs/Ckbe6SDAyci+ZNAPy7yqpwA7fBBcs":{"chainKey":{"counter":-1,"key":"G/pHFuUWWJVLaoKl3KJ2231auM/vaL8XEgAW+KG9jcI="},"chainType":1,"messageKeys":{}}}}},"version":"v1"}