{"_sessions":{"BYBS1gsMgJ1v7AW8BnA7uNG4y6NTxnnwpJrj3bzUTUoR":{"registrationId":1730551890,"currentRatchet":{"ephemeralKeyPair":{"pubKey":"BVb7Jc05AvMDUW+Ne2Cvle9jq0myKHACOSOys3AlJ4RW","privKey":"qHxhEu5xDDR/J2QwbxLXbDWxgAFAY1evDQ3OzKwqgkI="},"lastRemoteEphemeralKey":"Bdji/otzwe0N2nARsbjelynWkshW4qDIEX9PapQ4f7Rv","previousCounter":1,"rootKey":"PvOqFR1JQcUKcjUzjSkjrZ/pUVhpF3cu863yWZmZrrs="},"indexInfo":{"baseKey":"BYBS1gsMgJ1v7AW8BnA7uNG4y6NTxnnwpJrj3bzUTUoR","baseKeyType":2,"closed":1696233992895,"used":1694501158617,"created":1694501155318,"remoteIdentityKey":"BbO4fYQXj8w2HpDvAhmuBN0+1T84a8vjjX8HK3QMbec+"},"_chains":{"BSwMDK3McTOMEoOv3Xftha6cT3UQDo6Prdr3bsE5Y14B":{"chainKey":{"counter":5},"chainType":2,"messageKeys":{}},"Bdji/otzwe0N2nARsbjelynWkshW4qDIEX9PapQ4f7Rv":{"chainKey":{"counter":1,"key":"xtOVMLXzl3wCWhcNBojJpMsm31KZUILxo0s2a8Wwqhg="},"chainType":2,"messageKeys":{}},"BVb7Jc05AvMDUW+Ne2Cvle9jq0myKHACOSOys3AlJ4RW":{"chainKey":{"counter":175,"key":"eQeEj3qSs42VNHX+EVEXfM9l/+c1JxgVoY+jhIxeCNE="},"chainType":1,"messageKeys":{}}}},"Bdfcye3JULZ9X9SQmCP6wTDw1g2RCQ6gEXVP0YoXxLVt":{"registrationId":1730551890,"currentRatchet":{"ephemeralKeyPair":{"pubKey":"BTv5pXWxQCqdj7NlMrB/yn/8r7mIxZTocXfIQ/HihzgE","privKey":"SNXgTaqXeoCXhwu5P66Phvp83+sfV2FyHY06GQuHUkI="},"lastRemoteEphemeralKey":"BZxjSUA1DsLX+ufhqWjHrdkrNNCl1OcElgASnqjOacRX","previousCounter":0,"rootKey":"G+dQN8IOaztxL0JZ05KzYzCkNpBATKuuLaNgDab35uY="},"indexInfo":{"baseKey":"Bdfcye3JULZ9X9SQmCP6wTDw1g2RCQ6gEXVP0YoXxLVt","baseKeyType":1,"closed":-1,"used":1696233992890,"created":1696233992890,"remoteIdentityKey":"BbO4fYQXj8w2HpDvAhmuBN0+1T84a8vjjX8HK3QMbec+"},"_chains":{"BTv5pXWxQCqdj7NlMrB/yn/8r7mIxZTocXfIQ/HihzgE":{"chainKey":{"counter":50,"key":"VWQp1feWvU3PXbDX3ooYNHkLi37D+HErgJCPh9KsG4U="},"chainType":1,"messageKeys":{}}},"pendingPreKey":{"signedKeyId":2,"baseKey":"Bdfcye3JULZ9X9SQmCP6wTDw1g2RCQ6gEXVP0YoXxLVt","preKeyId":16306391}}},"version":"v1"}