{"_sessions":{"BX1TdVN7wg9aGzh+nJgm08A3vkTM2SgY3QiC/wzZXBdk":{"registrationId":1803520464,"currentRatchet":{"ephemeralKeyPair":{"pubKey":"Ba36mntEdfeTDbvxGUDHKybHgA3myj9I5euIACCR6Z49","privKey":"MFsj+n76nsRCLAIpH33CRXa2ggfjxrklQcXCDn+gSV4="},"lastRemoteEphemeralKey":"BePU7ZMVRTa4k21PtkBka4bMTZrawgresEoeFHP7anNk","previousCounter":0,"rootKey":"Ehbvu6i4PO1EGHBlrGoOzGhkyhowMWb5yCi1ZfxxDM4="},"indexInfo":{"baseKey":"BX1TdVN7wg9aGzh+nJgm08A3vkTM2SgY3QiC/wzZXBdk","baseKeyType":2,"closed":-1,"used":1694578145197,"created":1694578145197,"remoteIdentityKey":"Bd/WZnXeTSEG48HAEXzYZa2bz6YEAIBJ4ocUJELAQuI8"},"_chains":{"BePU7ZMVRTa4k21PtkBka4bMTZrawgresEoeFHP7anNk":{"chainKey":{"counter":5,"key":"CFsnkLZLt89cUUFX+Ml5e2QbdpQlwSEGZ7Q4OOIJFVs="},"chainType":2,"messageKeys":{"0":"y5CSPdrPR3h2tr5uyImMzZNCN9nRdGipHBMmHNQKono=","1":"AStMu2fX7R6AO/8Ralrvrc0Sy6Ex3BZ3LyhVh0ggCbE=","2":"XvYRUK/P89+Lzy1VrqRO/I+ZUPJUQSZBuHQpoe8T4yE=","3":"SCrpa35Xg1QCK+WccjNBaBtBsH5q+XnMA2GYMuLgl7s="}},"Ba36mntEdfeTDbvxGUDHKybHgA3myj9I5euIACCR6Z49":{"chainKey":{"counter":-1,"key":"bW63LNc1R3o3FwtqYXuHl/vbCOQ8/KhKZhQaYNSkqR4="},"chainType":1,"messageKeys":{}}}}},"version":"v1"}