{"_sessions":{"BdUQX0G+3XZ35gU21EweYLiZVqpgku3da4IkjUOaBcZ5":{"registrationId":1196072646,"currentRatchet":{"ephemeralKeyPair":{"pubKey":"Bbn5iBue8beknq/xNREGc9VIP72ge8f92XBd11o081xK","privKey":"oCdUcdnBlfByK9jNfGKt4TjQZeClQFFsDBSSSwOk8V0="},"lastRemoteEphemeralKey":"BX7NBGjyPONkbzDjHX0IOQh6uNJNssrpiAs1+KRa/nh/","previousCounter":0,"rootKey":"qsl3TDZPs/z7koUJX+ZyYRFYMGVIr+Pn4x9wvzpz9NI="},"indexInfo":{"baseKey":"BdUQX0G+3XZ35gU21EweYLiZVqpgku3da4IkjUOaBcZ5","baseKeyType":2,"closed":-1,"used":1694752173665,"created":1694752173665,"remoteIdentityKey":"BbtiipkNqVRPfYkmeje7sU57agpZRpXEBk7HOlPT7I8F"},"_chains":{"BX7NBGjyPONkbzDjHX0IOQh6uNJNssrpiAs1+KRa/nh/":{"chainKey":{"counter":29,"key":"hLEhP39HhcK8KUHMErEazHhQ02Q8Z/IDr/aeIonYDOI="},"chainType":2,"messageKeys":{"0":"hAm/p9EVdoReSOcvPZ3XZ6xc8yl+Y5Xf0LxEXdU+d14=","1":"ws5V/vpE88ismPKBrNsllF9ybVMVMgO+sBNnWpxpSDE=","2":"gG6pkKB/VHswRSBPwMX1b8b+9Hw2zB6qrKzZl2rGNBY=","4":"McIOCxFsxYeknlAOwadpM/7/wy4oORheL5viaCQAzuU=","5":"uxa3BnEN3NwAEXdW/XHnRAQc7x7tgdKkF7QEfNxzPw8=","6":"HfD8DxwSMxEnzsWlEI3kT7P5dykM1iO5h4y7VszwIbA=","7":"qLswEqrxZcjjdYcqzXPG9pWvEpqri+hZfWX3mAQjoUo=","8":"R69FIc04n+aSWvlWM+GsKZzTahnR9XDDx1mWH/NHn5k=","9":"5P6g3mSyr0RIgtwaSIv9vhks1tsYymPSMgkTb61i+Rs=","10":"rHlIJy/oKMP3eeX4RVyNyi8kHN5iEiXKNVf1woappjg=","11":"2uSU0JViZ+8xDdiHWmum6oSVnrauP3nscheV8klRx7Y=","12":"8aDfEh/MZKQ+Eitmh+rYCcOsuv5OYYDRE9NdwLhC290=","13":"vjsaOUlbwbdtjmI8vIj8ub4K5LpA4MtU/CG1jkoybzQ=","14":"Kf5UMbqB4lecQp8SDJV4Bwc4JIgTooMtx4tluv/Znns=","15":"z3t2vMEJLJFnGjKBo/+2EjGj/Fiq7gqemUZojCqFNtI=","16":"utK36x8DE1vmReD+BDzWwLqlgiumxmEBsXUA0fNA+uQ=","17":"Jl4DJ814PuDOrkD6kHlpegTr8ZliXb8K0W44QuJkreY=","18":"oJyA2u6Rc4Al/LJ8OFVxDHLIXXkPl0jd+Nps1BJXTTE=","19":"CnHb97jmN/j68nKAufmNXSoErCcZfM6qwPmxLRYURXY=","20":"b1MyUimHooxXoChpEYlPoYSMOapyTLwIlM+VG1w57XE=","21":"1v7g5LJ2J1OOMAmaVUK2hbYJzlUfSqXB3TR/Dq3Bjtw=","22":"EqWjX6qLNeI9Kk1wKanYNGDsDxNCMaCz/NSBCK+mWsM=","23":"0re7oI087PmW7U9jVBxRyZDvmGnm7YSmX8MSm2B0PLg=","24":"aZGSE8i5yAHOUz9+TUbvFeiUkJxDWxksRYCmIj0JmPM=","25":"iSdu6QWslPBBgoV0kZWffmM9DBkIbyOPeMAAw6t9adg=","26":"Ad4SiwTe452LAdHf46Iyu4bURIl+FHsrUolYc8SlrVs=","27":"8uPQs/mVhAygTNOOeuJTopWqPsnrJ2VSWnCMYKFyy34="}},"Bbn5iBue8beknq/xNREGc9VIP72ge8f92XBd11o081xK":{"chainKey":{"counter":-1,"key":"IQbrioNP4ykEwF97xtspZLspBZJXe0dgm8QONOC/1TQ="},"chainType":1,"messageKeys":{}}}}},"version":"v1"}