{"_sessions":{"BW7Y9ji1MQseYlOsPiETFsT8yc4dLH2qYXtVVwb+Ox1o":{"registrationId":941992081,"currentRatchet":{"ephemeralKeyPair":{"pubKey":"Bb3ZY93ZIrBTv9pm3iaXyQWyC4C4d2s2fYQxa+kvw38X","privKey":"AED8XCFuEm4Z3z9db8jmKgB5p39xanA1Cxkfru0LwWM="},"lastRemoteEphemeralKey":"BaeEnswn7UdWHoQv9nJAn7SKbdWwQDPN9iPIf6F+0j8j","previousCounter":0,"rootKey":"QOsAkw5sEsuQ24LP+rh/zpV7/AsOWPIP9hGHTKjqr4g="},"indexInfo":{"baseKey":"BW7Y9ji1MQseYlOsPiETFsT8yc4dLH2qYXtVVwb+Ox1o","baseKeyType":2,"closed":-1,"used":1696233969762,"created":1696233969762,"remoteIdentityKey":"BSlV6fXEoMtVndn0ab4l1uN9iVE9cYXfBWFcXVGQPn8U"},"_chains":{"BaeEnswn7UdWHoQv9nJAn7SKbdWwQDPN9iPIf6F+0j8j":{"chainKey":{"counter":1,"key":"qMnLe9jtdD0RqIb1TjO2MEtySTl2eZ9ZVZev5JnMAt0="},"chainType":2,"messageKeys":{"0":"NCmakkpUitNz1ZVoCbzAitgUFjf3SAnAtqnKDU6SI4s="}},"Bb3ZY93ZIrBTv9pm3iaXyQWyC4C4d2s2fYQxa+kvw38X":{"chainKey":{"counter":-1,"key":"R86GGpHc8wXinxylMnsBaeTirsfr6e6dLcijEkob7Gw="},"chainType":1,"messageKeys":{}}}}},"version":"v1"}