{"_sessions":{"BVPLi1zTH4AKSW55VprCKD1RVqhDFSOjSEMBbPwsZe9g":{"registrationId":540544141,"currentRatchet":{"ephemeralKeyPair":{"pubKey":"BfYxBbBaT+UZCJ/gB0SWiZHfIhZJHjsOHxoz/bo/6WEB","privKey":"mNBHg+srCgguq5dEIt8dysvhFA0796fQGhUtI0OV4UI="},"lastRemoteEphemeralKey":"BVl5XvPfPjv4prTJCy6HCdwh+vdVT7TD7VIZWYEZPJ0m","previousCounter":0,"rootKey":"8NUcXh2nElavh/iNKqk66NkBYaJm7S1HoHm/0J8Snwo="},"indexInfo":{"baseKey":"BVPLi1zTH4AKSW55VprCKD1RVqhDFSOjSEMBbPwsZe9g","baseKeyType":2,"closed":-1,"used":1694752164120,"created":1694752164120,"remoteIdentityKey":"BXSh/240I0bJyCieefDkfy/ZjGsGgjSd6VeYqz8vmPBY"},"_chains":{"BVl5XvPfPjv4prTJCy6HCdwh+vdVT7TD7VIZWYEZPJ0m":{"chainKey":{"counter":1,"key":"m6TMkmXQWEfRt1oZbnTTiduanEY7TzNYFiOGO5kMM8U="},"chainType":2,"messageKeys":{}},"BfYxBbBaT+UZCJ/gB0SWiZHfIhZJHjsOHxoz/bo/6WEB":{"chainKey":{"counter":-1,"key":"7bBn2Bilkgiw5ERjdqr1ZJd3jnAp8vh4lxyQXsl9oWI="},"chainType":1,"messageKeys":{}}}}},"version":"v1"}