{"_sessions":{"BUAm4UM/LPzf/RLfTOIg2TNzvPL2D7ZdQF+LGpq1t28b":{"registrationId":1848229219,"currentRatchet":{"ephemeralKeyPair":{"pubKey":"BTWac1kxuoQqIi6wpLbavHohxZjBb+czewttNo1HWvUG","privKey":"SLfsRkxhmM/mxyDt3Bim1NbIrfoibift9ooiHbVIvVI="},"lastRemoteEphemeralKey":"BYu2pLgeGHaKGEL+3Mxydg8IDH8frQv2bkMjnDUwJDFy","previousCounter":0,"rootKey":"Bjw+gTr6UDoaAW+Z766QFxMIYzSavaK93ayTvGZS/dk="},"indexInfo":{"baseKey":"BUAm4UM/LPzf/RLfTOIg2TNzvPL2D7ZdQF+LGpq1t28b","baseKeyType":2,"closed":-1,"used":1694521503111,"created":1694521503111,"remoteIdentityKey":"Bc4+pxXH6vJ8A6E591Q6/pr9JyYgox9BkL23S8ivmS4e"},"_chains":{"BYu2pLgeGHaKGEL+3Mxydg8IDH8frQv2bkMjnDUwJDFy":{"chainKey":{"counter":7,"key":"FhsMnqo7tKXLKzVYw4wPrGSiWDjpsF9No4p/B7J38Xw="},"chainType":2,"messageKeys":{"1":"LePjZ5/bVUIXAf5V6OIMGQIhHOUjxlBCNxRlmGIZgnc=","2":"moExHdNY7zxcrrVxXXrHL08L7hkjChr4/1NoZNPXJ7U=","3":"qX0NcuNBRkdWWdj0ISMW+Ps2pxmY/YcMkemBAEfwjTc=","4":"cJ6dAel3pjddEDS9qFtrTAD3l89yw1oa2lWdCbn2WgY=","5":"Rl0xqaSC5JuQ7etVY8yEP0U5H/zh5x7cAXulGDvbwnM=","6":"YDxKgnfnDn3mUNZaTpilBa1O61CEGlUSbha2MXJs2Pw="}},"BTWac1kxuoQqIi6wpLbavHohxZjBb+czewttNo1HWvUG":{"chainKey":{"counter":-1,"key":"lDAOfzoRQ73J5gRQ/c2Xtt4PI4q64Ryr/+MXKXshiMI="},"chainType":1,"messageKeys":{}}}}},"version":"v1"}