{"_sessions":{"BcHrSfhV35iSvLkqNPBwmG4i8QzMDWIQaAbo5en9KP9K":{"registrationId":1194004250,"currentRatchet":{"ephemeralKeyPair":{"pubKey":"BXG7SQVmoQg3SbMCEiM7HxT7FL+z0PfhlDuKyNFmHAFQ","privKey":"iIgpqHHgg+wWgrUBm2fWuG0kVI1N0WdPT1PPPHXC7ks="},"lastRemoteEphemeralKey":"BW3MEiw3+kcKsVnJRaB5PdK+zN9H8KJDy/9w4se7iOY2","previousCounter":0,"rootKey":"D+yHTQDUQ1i5ZIoaGQaw+KYE0xyNK2HN1PV0yhRuoYM="},"indexInfo":{"baseKey":"BcHrSfhV35iSvLkqNPBwmG4i8QzMDWIQaAbo5en9KP9K","baseKeyType":2,"closed":-1,"used":1694768781421,"created":1694768781421,"remoteIdentityKey":"BflswlcChqryXe3ligr3T16OqzJWZMl68NgC+Mi3NFU8"},"_chains":{"BW3MEiw3+kcKsVnJRaB5PdK+zN9H8KJDy/9w4se7iOY2":{"chainKey":{"counter":3,"key":"dv5OlkX2nF1tqzkEuOFnB7GN66rW3Ny9pDuwHwa6Sw4="},"chainType":2,"messageKeys":{"0":"gt4No6oindCnZ5QJbfxYUJd3S4SHTbIgx+W09Hhc0ew=","1":"eA/9/Ge0Di7SLCvWqnWfqp2tIJGkXnzoy6RSUnYBOyg=","2":"P+7MqwtEBrUdYpKHRmF2LUMMem9eVEj9psDeywDfP4U="}},"BXG7SQVmoQg3SbMCEiM7HxT7FL+z0PfhlDuKyNFmHAFQ":{"chainKey":{"counter":-1,"key":"c35gZkAwyWi1dgxc9Gs79JCyyhsO4d1Y4+3hfL4Uq5I="},"chainType":1,"messageKeys":{}}}}},"version":"v1"}