{"_sessions":{"BTvz2cBAc9KxXR6f360XmrhqNjRY6LcTfY84ask9o+Ym":{"registrationId":150108036,"currentRatchet":{"ephemeralKeyPair":{"pubKey":"BUCWFRxFkrgR0vbmKFaDboUQ17TOl6aMKsv960Iqde1j","privKey":"wJr3ekB+0bU/UaJSyFjZ0H84PXCdjttKww5Wj5s7BFc="},"lastRemoteEphemeralKey":"BZ9idaSE2rFDmla9Q5MCXRdYOfA6Xg+Wnb9MXnba4oFQ","previousCounter":0,"rootKey":"+tt64vgVOhBZzPkfARPqM/m4goCSfRRyp4HEwx+STJQ="},"indexInfo":{"baseKey":"BTvz2cBAc9KxXR6f360XmrhqNjRY6LcTfY84ask9o+Ym","baseKeyType":2,"closed":-1,"used":1694752184012,"created":1694752184012,"remoteIdentityKey":"Bbyagvh+LNTNIeV2pgOch420aImz6ErQXYRzpIifjZsL"},"_chains":{"BZ9idaSE2rFDmla9Q5MCXRdYOfA6Xg+Wnb9MXnba4oFQ":{"chainKey":{"counter":4,"key":"EJBZPKbsjufmuGsxgTU+xcwoll+TwLM/+a+bjblM7uc="},"chainType":2,"messageKeys":{"1":"Z3aYzbzf2LCkGQIjxoaNw9uY68pqCES9ZpFrvO2jDEg=","2":"EAdqoqUWcwH5S3wiMma3zmh0IQBvG1wxmQHZH09KC/g=","3":"LZqyn0Zbt7BbK22qyM3p3PuIHP1SAYcg5382fnV5U84="}},"BUCWFRxFkrgR0vbmKFaDboUQ17TOl6aMKsv960Iqde1j":{"chainKey":{"counter":-1,"key":"lfkxqJwRI4b8FIzpveNkNasaBqOfOBewHZpCJQTWmfs="},"chainType":1,"messageKeys":{}}}}},"version":"v1"}