{"_sessions":{"BWnK0LyNwOGVjvsfu++JM4PxY6eIaO9hvloX5l/n9kp2":{"registrationId":1086081868,"currentRatchet":{"ephemeralKeyPair":{"pubKey":"Bf+fhw0Vy2vHgshUAiT23CDjbt6DrN0Rayw9L5LUOOZJ","privKey":"UDg4AIZTpJVje7kZKm/Tazc9GJlbm/ABwhipTD9zSFo="},"lastRemoteEphemeralKey":"BfiHC6ghIhnIy2PFH2Bv4Ier3Tm2E59V2D+LW5S23k5X","previousCounter":0,"rootKey":"ooFSD+jioEq0TxhVttVBUsld+fwGjArW0Zb2Z38uQWs="},"indexInfo":{"baseKey":"BWnK0LyNwOGVjvsfu++JM4PxY6eIaO9hvloX5l/n9kp2","baseKeyType":2,"closed":-1,"used":1694522317931,"created":1694522317931,"remoteIdentityKey":"BfWfdr8UKIk2BF8LcmMzW1KlWfvrL72X32Ela9+r8qwi"},"_chains":{"BfiHC6ghIhnIy2PFH2Bv4Ier3Tm2E59V2D+LW5S23k5X":{"chainKey":{"counter":21,"key":"wHheuNgVFdnX4Or/zP5Q60WI+19VhIVMu4VHur1DPsQ="},"chainType":2,"messageKeys":{"3":"TYpnKW6ZEbcWRwykItEBFhQ/chnANE1cz2TYfnU0w84=","4":"id3MnrNfywTQFeMbwHBsAEPpu/M/Sl9X0Z6Si9dG1r4=","5":"XwyVawXCpHfrjfMIUjc3mZBvi5TtTIR9aaZIQ0qsE4M=","6":"R7UuNkwWjhXsLJZactI8I6AnQ/GlZHbw4NitfCtZ3V4=","7":"nFJO7b6N6BFMLEIvykzsCpFXJ57VytzgeFZu3+7A+Ww=","8":"0UIw75QQQ6xZr93zb/9frFjUn8bM3CWYJbajIix0VK4=","9":"+//tT0zZNPpsCLE0sWCK+oElTyL6Xh/FYKBkU4bAmLA=","10":"E3cE9CupphI89sZiomSTPpKLvR+HrEJO48bAbI4JEYM=","11":"aqVRjmKQFEH6XW5MPg6BwXTCLX7N96wa7c0pijTazlo=","12":"2KLU2ri2KaYOGBAEAdRz+hDZcjwXIE1h8sqLyd5iUDA=","13":"k0hZDMmPcO5lWfch+AQw8eEdXPDmSiKprIOXkpn3PGY=","14":"2YAk4U/6mgu4s0ie7ObYVr/TjVdrkYIKnkI3E8HcGa4=","15":"HwqSCoY8Mq7UiArOihUerxxpx6o2Msf6XW3hV+eDqvc=","16":"SeD6RuBm5RDOfqMGG6Q/+TEziMfTPp0ZItJ9Q6fLSd0=","17":"OYLN6uZXLWsLGgUL5cay6vYkE1C6yzX02/wbDVIaGkk=","18":"n0oLjeNZdAvMMEK/fLXiMQpbyRiSQuXSoVPX1+8TIYw="}},"Bf+fhw0Vy2vHgshUAiT23CDjbt6DrN0Rayw9L5LUOOZJ":{"chainKey":{"counter":-1,"key":"MYEtW8hEA/dioF7OTO1HUZW7gUMyT9JPczZClfJ5Bt8="},"chainType":1,"messageKeys":{}}}}},"version":"v1"}