{"_sessions":{"BZeOupXNJq3UJKWnd4L07uANcPghrm9EHLK+SJg6IEMT":{"registrationId":190732006,"currentRatchet":{"ephemeralKeyPair":{"pubKey":"BUkzxgYWCcB4yO3hKTPZTx3dZKvlpOJYCAbOTkOXF505","privKey":"QJ1Xv8Qg5jDzLxfYuINPclAian4k6MeE/zhtqM2yC1k="},"lastRemoteEphemeralKey":"BZ3fgCy7sjcOXAL/elFARax8F4QuxzskWTSYbcTLV7tR","previousCounter":0,"rootKey":"Hh+IM2yYYRS1ksZn6I8SUmx9FjQoSRx0v5dfFA8WGv0="},"indexInfo":{"baseKey":"BZeOupXNJq3UJKWnd4L07uANcPghrm9EHLK+SJg6IEMT","baseKeyType":2,"closed":1696233992904,"used":1694752169819,"created":1694752169819,"remoteIdentityKey":"BQ6i3GHFouEiPszTOW7tcOUeRT+hxspafiv+5RpViagz"},"_chains":{"BZ3fgCy7sjcOXAL/elFARax8F4QuxzskWTSYbcTLV7tR":{"chainKey":{"counter":2,"key":"5Arx2qRRbVoFR3UjqwIQZH4IMJowSTlmzJex66By550="},"chainType":2,"messageKeys":{}},"BUkzxgYWCcB4yO3hKTPZTx3dZKvlpOJYCAbOTkOXF505":{"chainKey":{"counter":-1,"key":"s1DC8h3led6vwBJcTW3BkOZio+DlQoFx6BKISa66lS4="},"chainType":1,"messageKeys":{}}}},"BYtoI6NiFEt7tLwJpXZe9JTwzx0U/gWBHawzWzjXmXwT":{"registrationId":352879947,"currentRatchet":{"ephemeralKeyPair":{"pubKey":"BfFwugZn4GpxniFFn5UU2HunjyL8sBQLCMK9fp1xtjd3","privKey":"WO0+AWh4EGqdJ4WpOa935ou3GnBWddPj4APuH4aorG4="},"lastRemoteEphemeralKey":"BX8QiOoEJH78smAfJnTIvaFWOY4KkhnG76a0YJxtQmpm","previousCounter":0,"rootKey":"Z7TB4hh8KukrYU2yhxP/kMw3pvREf5rz0ztwjRk6WqE="},"indexInfo":{"baseKey":"BYtoI6NiFEt7tLwJpXZe9JTwzx0U/gWBHawzWzjXmXwT","baseKeyType":2,"closed":-1,"used":1696233992906,"created":1696233992906,"remoteIdentityKey":"BYEFftGmmdOkhw9F5Pw9Sfvhk1ZWwtmRssoI8Xxe7CwQ"},"_chains":{"BX8QiOoEJH78smAfJnTIvaFWOY4KkhnG76a0YJxtQmpm":{"chainKey":{"counter":0,"key":"VfC/5r7wzILf3jiFn4ZoutTIIlStDPcRfzuuYbea23M="},"chainType":2,"messageKeys":{}},"BfFwugZn4GpxniFFn5UU2HunjyL8sBQLCMK9fp1xtjd3":{"chainKey":{"counter":-1,"key":"4Eo1/Z/pmBNfgspwlKaHjQBrixpT/ZoFWnfE9iXDPPg="},"chainType":1,"messageKeys":{}}}}},"version":"v1"}