{"_sessions":{"Bdos77Ox4yHEuBtawnhXgmSkRo+XjuBm+OWo9Vd1Cz9r":{"registrationId":1878031414,"currentRatchet":{"ephemeralKeyPair":{"pubKey":"BfLdpBGI8Ma0fkyU8e/krtrtmqhWA6K3SarJM0gFXd4G","privKey":"+IGkyraY7k69VHSRbC5PUOTG1PFN2A7egtaKtJfyqFg="},"lastRemoteEphemeralKey":"Be0XcT0zjWwvaroTdOjodnL8WGKtG7XWBikQsVdyv1xR","previousCounter":0,"rootKey":"5NtsEDwMq7G+x2KldyQPjuVzAcuPCE2+8jWcXMmI0iY="},"indexInfo":{"baseKey":"Bdos77Ox4yHEuBtawnhXgmSkRo+XjuBm+OWo9Vd1Cz9r","baseKeyType":2,"closed":-1,"used":1694515780476,"created":1694515780476,"remoteIdentityKey":"BbQSg1vKPd3q9Nyg4nj5u3caGIYQ9DiHV9Dyyo6xLZYh"},"_chains":{"Be0XcT0zjWwvaroTdOjodnL8WGKtG7XWBikQsVdyv1xR":{"chainKey":{"counter":28,"key":"1/q8cHa6eaIVc4RDEzLr3vHLKnXXSfvHvTrlIfqlVxU="},"chainType":2,"messageKeys":{"2":"/mIaxHhcx5HbnbmqgJshqGsjNDjTUOtFyhQTR6PYnIc=","3":"LEO0UVk3FNr4UmQNKQ3Nk6JTnBV2wli961xr5JAbaO8=","4":"hIccQ2znDwM/bkRzIMY89qwenA1nEZzNkoxvDbKbSlA=","7":"c0IrkFHx25ecZs6otGv2JEB23HQDFjFIJDFdeYxGGzw=","8":"k1zMOHFk7FptQVM92eRJ/nEIqCrnRZNFaUk79Fm1jjY=","9":"lNXDn6yvNdn4B+ZufIKjI2qM8mMeuP6KmwbA2XYlNfw=","10":"FIeaLYaVSWC6zO0djHlJyV+ETz38uMj60mwK6wvwuSE=","11":"2WHN7arRsrbeS8qw9C2qmzZ63+RvtTfuBEQZe6fMRm8=","12":"Uiivjd1VZ01ywsnT7eFwPg+wvcw/HKJfG+HmpHTpzVk=","13":"SmDegy/7eLf8/YbGxwalGZIQ8sVoZITgmULqicdTQfw=","14":"Cmvx7YlORhdk6J4fiElPHDHm5W7GcUvzyC2WY4Oi5f8=","15":"rhM9+MtT09Dj8J3Ac2jsdIlKLKVwkM3J8ol8UfLNWGM=","16":"18vxj15ty2FIIp1Q72qAf4qYpTJmozgHPcYjSGjrxP8=","17":"tUA+3NbVQ/AZ504JAnlIWd53hkrRRUzdc9Jw/7GWtUc=","18":"h1T6XLqhk/RzUUmWGmUomdnhJf/LlR4HMjWAskwd4gY=","19":"ZW8ec6YB11E4VYfD1rYbYEBf7DQtHtyNxzPo7tVWbho=","20":"XjSwdUQA6GeZtkmas/cGVYa2/G5qctOx6bYT6ZKqMZs=","21":"sAuhSYpRcr7Ug3kkeSFiVzWZFcoWXknCwSuEAxFJw9s=","22":"c/Ai4irhHP/yYan+neuGRW+heqZXQ7NOAtPUD5ZUBI4=","23":"ptIfM0fabo+BHlpFelRXk2GkPEarWUOkLqVzMS/ZrYk=","24":"vbpe6HgH84zVstKHreIGVwQjmCvpF6dGpEwtbtTbwXo=","25":"rG0o5l3YOsMCADwhmgZLrA2hUc6pMzH2yXeoS14oWSE=","26":"5snIDgdeUmNef2Ok6l0MZ1HV6VG3T0i6XdSD9WfRMJY=","27":"Zfz/u8yBviA9Z8F7uP2AFadubfDOoWwmwMKY2nROdz0="}},"BfLdpBGI8Ma0fkyU8e/krtrtmqhWA6K3SarJM0gFXd4G":{"chainKey":{"counter":-1,"key":"G2DU2em8A6zNg60DvnwNjwN9Tlaqml6YUUjR40F1fAE="},"chainType":1,"messageKeys":{}}}}},"version":"v1"}