{"_sessions":{"BZWnWvwDtmPLHP2/bwiX4PFdM/A5eq0qzwkGp1ARljBL":{"registrationId":1705626917,"currentRatchet":{"ephemeralKeyPair":{"pubKey":"BXFqIMoUWXGMTmLJG4eLyM81yDk2untJqCSzBwOWmode","privKey":"wJB2GRM6xum/4sGVVZJXAsmB1Ga79OFCmHJQWBLP+0Q="},"lastRemoteEphemeralKey":"BTj0jPpVqxbu0nDbkIamHd9L1VGT1E6Gl6hkK0gvmTwA","previousCounter":0,"rootKey":"LnpxTYReIMAq37YopwKOhOmD0FdlBoJ2pcUI+yQDN8o="},"indexInfo":{"baseKey":"BZWnWvwDtmPLHP2/bwiX4PFdM/A5eq0qzwkGp1ARljBL","baseKeyType":2,"closed":-1,"used":1696233970833,"created":1696233970833,"remoteIdentityKey":"BdA24I5/cO4liiyrALkCq9ZczZlGexI8dCMv5w8Hbq1r"},"_chains":{"BTj0jPpVqxbu0nDbkIamHd9L1VGT1E6Gl6hkK0gvmTwA":{"chainKey":{"counter":2,"key":"GcooBtb0eKi7DMJVHEj0vTmsF1B6mT3oCfDk7rMdAkA="},"chainType":2,"messageKeys":{"0":"zyo1icyhbJ9sKbSgTx0lr9Re1pDYWx7atLHnr6fkXBs=","1":"GGPEk2yI+u+oPkewLq01c/+zWn8x20U8K3EAt8XSA3g="}},"BXFqIMoUWXGMTmLJG4eLyM81yDk2untJqCSzBwOWmode":{"chainKey":{"counter":-1,"key":"yewGyyJbT8EjsKQrsAT8lXsFlEMS29TIkvZL4VpTK3g="},"chainType":1,"messageKeys":{}}}}},"version":"v1"}