{"_sessions":{"BeOXjhJ4foD6iDGh+HMTfBisWoMVbbb0BUfAIA/RS/wf":{"registrationId":2100150234,"currentRatchet":{"ephemeralKeyPair":{"pubKey":"Bc5SRDv8gLRoUU0vW+Q2vKRP5wiYcUJy/IwAUli0oL15","privKey":"0D4ErFj/RPQ7SyahgXB7Qd5H1pa5Svu2H2SUMgejC34="},"lastRemoteEphemeralKey":"BWR8GG6zxA6Yg1+PbcHw+gIle3a4ZvE9ZO+VpwPRTt8B","previousCounter":0,"rootKey":"9UC4bOrrn4ooK7qUN6a/DeA/Z/zyV9roMJYWFRYy+ZU="},"indexInfo":{"baseKey":"BeOXjhJ4foD6iDGh+HMTfBisWoMVbbb0BUfAIA/RS/wf","baseKeyType":2,"closed":-1,"used":1694752186326,"created":1694752186326,"remoteIdentityKey":"BU3Evmt0+QyxNY1yHgy8DR/2eNpU0tA6ox0I9bO91A5I"},"_chains":{"BWR8GG6zxA6Yg1+PbcHw+gIle3a4ZvE9ZO+VpwPRTt8B":{"chainKey":{"counter":0,"key":"v7ZIo5BM03W2MOsaJzWuy+44MpWZ4sfZVc27MnGVylY="},"chainType":2,"messageKeys":{}},"Bc5SRDv8gLRoUU0vW+Q2vKRP5wiYcUJy/IwAUli0oL15":{"chainKey":{"counter":-1,"key":"IHrOnNiqouWioxyxw0zuiO0Hv41Bw0KV4Kb4U+Vvujo="},"chainType":1,"messageKeys":{}}}}},"version":"v1"}