{"_sessions":{"Bf4P/nEh4cv1d2tJ1r4ytt6kqlHK+bAnJMGsmeSI29gp":{"registrationId":902219933,"currentRatchet":{"ephemeralKeyPair":{"pubKey":"BW0/dS4Mv/+wbkn6D9vEbyIlIQv4u982RrW3rSX+Lol4","privKey":"OPei7JsReBd96UxJOBpq6We4zAP9/YVmazF/cJT3h1A="},"lastRemoteEphemeralKey":"BWnzKUCPjBwxuyeSiG6Wx8u7JcmwzCk6C3kuhfSAK447","previousCounter":0,"rootKey":"DOWoj68fgEI4JDeDO98YASV5xIAVNE0PNfZeyrWbEOs="},"indexInfo":{"baseKey":"Bf4P/nEh4cv1d2tJ1r4ytt6kqlHK+bAnJMGsmeSI29gp","baseKeyType":2,"closed":-1,"used":1694752173454,"created":1694752173454,"remoteIdentityKey":"BW+uvepuU/Ow6oBNfi8/UrNlTLjJ6kzK+whY634KFuI9"},"_chains":{"BWnzKUCPjBwxuyeSiG6Wx8u7JcmwzCk6C3kuhfSAK447":{"chainKey":{"counter":9,"key":"0Kg1jfm3iAoBEEMJDNHRvkhdiK+bml8hMLxKOxdHHe0="},"chainType":2,"messageKeys":{"0":"1v0wI9OC92A2LgDfW/0T2DqkjpIZm6C1lxk37mzeCAI=","1":"gT0K+Uwi/JDuOfzC1yk3Fy3R1GcPeKxVD+Fd099t58w=","2":"miYnyG2ScmJBJ+vOHKoq65wF0zVxeTLLWXbgNWjoeNk=","3":"7TqqCuRvImTV/V/RCvRs9nCcUiwnIi1hh3LsS/Enq/Q=","4":"7vcagWANyLnFt4Q1ewMfbZXRfkXWKSA1XdUm1pif968=","5":"gF4cfScNp/sBf7/kjmjjweyDH3bG802DrejlBKBnDuE=","6":"vLygWVrLsqKlT76ggQjHdLZuTIBErqBV0Cknb6JL4YM="}},"BW0/dS4Mv/+wbkn6D9vEbyIlIQv4u982RrW3rSX+Lol4":{"chainKey":{"counter":-1,"key":"nhGQl2s38NmfrKsOkaiuW2rloVXBnWGqBL9g2rLZgbI="},"chainType":1,"messageKeys":{}}}}},"version":"v1"}