{"_sessions":{"BbgHPmbS53rfdjxqQSuDPZaMl/d0NcTlaQWvFm2ijcxX":{"registrationId":1424521218,"currentRatchet":{"ephemeralKeyPair":{"pubKey":"BWo8FLyqX5DeedT0e4H4Cx0cYOIPOFnJkxDg2yP7twAr","privKey":"mAMroTBqWw5VwIYfejgLa9xIhfjcI1aCf95N1bF+TWc="},"lastRemoteEphemeralKey":"BXG5W1c+nE8BanOFkBl1aGpgxIli2Yfdd41e9OcCFSJi","previousCounter":0,"rootKey":"OULdt9EialxKrOpYOPWGu93V6Og5gl2zSaBOM6PVG/U="},"indexInfo":{"baseKey":"BbgHPmbS53rfdjxqQSuDPZaMl/d0NcTlaQWvFm2ijcxX","baseKeyType":2,"closed":-1,"used":1694752159444,"created":1694752159444,"remoteIdentityKey":"BWIH7WmKUkJROIkF8Vyfl+OVMV+akb18uARmIj2GmLE+"},"_chains":{"BXG5W1c+nE8BanOFkBl1aGpgxIli2Yfdd41e9OcCFSJi":{"chainKey":{"counter":2,"key":"YiKcfO9sZEHOJjZxvGYvnCzoX7w3R3PqDY71POWJop4="},"chainType":2,"messageKeys":{"0":"011JUOJ7hj69llJukwyTRIAW8W/xpZpeFRuY2dtjIDE=","1":"ipe/Q696prtC6LOdrf3qKTrQglk6NY8AQ2O5BiXq6oQ="}},"BWo8FLyqX5DeedT0e4H4Cx0cYOIPOFnJkxDg2yP7twAr":{"chainKey":{"counter":-1,"key":"yaKXJtBX1qlgsnW8k2YdtlEWoklArGNzS65ujFa4N7U="},"chainType":1,"messageKeys":{}}}}},"version":"v1"}