{"_sessions":{"BUHCi6f3T9aFDqw/qt4mQo2B0Ch1Ssw7wxH40V9l3H9c":{"registrationId":1180628035,"currentRatchet":{"ephemeralKeyPair":{"pubKey":"Bbos2PxmaQtaPYP8b32Dh9IzyVEIXsu/RTO91aJMUGl1","privKey":"OJv9vyphruFXIpVXy5HJjuJDwhi+R2AWZ/stDR8Ahm0="},"lastRemoteEphemeralKey":"BY+yooRpMmHb5cNtNQJIFMDOhJPItd8yKIELzP9DTHpf","previousCounter":0,"rootKey":"GsfEFgIeAhF3geipv5OoVGL3GALGozow6BZgRkhwTxQ="},"indexInfo":{"baseKey":"BUHCi6f3T9aFDqw/qt4mQo2B0Ch1Ssw7wxH40V9l3H9c","baseKeyType":2,"closed":-1,"used":1694752159454,"created":1694752159454,"remoteIdentityKey":"BTMySt6nkfNS8rNnCIKe3oNlIkIqTGpj4KJ+FJw4DGgZ"},"_chains":{"BY+yooRpMmHb5cNtNQJIFMDOhJPItd8yKIELzP9DTHpf":{"chainKey":{"counter":10,"key":"2PvcIJBqtd5GgIlC4GntgS8zH4geGBq8LLkD51ID+5g="},"chainType":2,"messageKeys":{"1":"6+5N2tw4JqqVA3QKx87aSt+BSZEDSWh+YMUitvdYWfU=","2":"BGySwiMdcfOATUym2eKsCbheVR7QH5HNtXPCJlK/KYw=","3":"nglBUYL8DbgNeEK73lNnD7D8ewRLQScx1fxxNX7Rxqc=","4":"M8/MnBlMjVLMm6v8zlqMbsAUiMuRCBknFb2+fqDJSfo=","5":"7x4pyNW28pYUxVJzcZczI2Xdqz1XlfVIul6/xShKgcY=","6":"0znJNaHEN658k7bD9KfvsjfMAODODUQAPxsvOKxD2U4=","7":"AFtg9fXn/1H9k9Nokf7num5cm8ryKU0rnYwnkX1kgLY=","8":"O1bmvHs1YhCgqk7jnok3U7SXh+/5Yra2Kk436uUE6Pc=","9":"xp0DXxvzvipmclh9ojWTnWi2DiWA46o5CZheB9dKRSU="}},"Bbos2PxmaQtaPYP8b32Dh9IzyVEIXsu/RTO91aJMUGl1":{"chainKey":{"counter":-1,"key":"3IjolFKCUZ+K+IRMryqcOhFSyuEks4kaUSuNayhYiOg="},"chainType":1,"messageKeys":{}}}}},"version":"v1"}