{"_sessions":{"BTaQht3dPRPDGecmjPQS2oSB13mLnufqezV9H8iCaEFj":{"registrationId":4188,"currentRatchet":{"ephemeralKeyPair":{"pubKey":"BQxNw7stDa1mhXCJ5LYNXXX9BwptULMZT7ZRUETYB7N8","privKey":"4D26oQHkBT4SB12sLs7rQb7tkjnr4IAb3vLZQbxzimw="},"lastRemoteEphemeralKey":"BZsATGdQKAoHHTS7Hh8uVbXX8dJdnZl9ZxtT7kaLlywT","previousCounter":0,"rootKey":"sBi+EGN5+WKFc+94fxCf/iwEbm+8fyiu8QKgRs9mOAY="},"indexInfo":{"baseKey":"BTaQht3dPRPDGecmjPQS2oSB13mLnufqezV9H8iCaEFj","baseKeyType":1,"closed":-1,"used":1696234056267,"created":1696234056267,"remoteIdentityKey":"BVABuHD+eVVzytsfYEasJC0+7MQthvD/ekE+MmbxdlN2"},"_chains":{"BQxNw7stDa1mhXCJ5LYNXXX9BwptULMZT7ZRUETYB7N8":{"chainKey":{"counter":0,"key":"FmMJ6uqGdoycUOYZRo0Ca3ySeKiSqxtDVQVNUt+0CyE="},"chainType":1,"messageKeys":{}}},"pendingPreKey":{"signedKeyId":1,"baseKey":"BTaQht3dPRPDGecmjPQS2oSB13mLnufqezV9H8iCaEFj","preKeyId":18}}},"version":"v1"}