{"_sessions":{"Bd/kxT+0SUCySfH+dTPU53bAueKPcvkfbuMZyIgdXzp7":{"registrationId":620262164,"currentRatchet":{"ephemeralKeyPair":{"pubKey":"BUe1Gx2XiCYj/PM4fl364ZKN8Ek9cPfPTRucm2/R95ZS","privKey":"YFk1GP6hwDctvh+5GFJy7aV6QaeMsiCmA8AMRvy7F3I="},"lastRemoteEphemeralKey":"BRAmfmTkrkunmX/4GKhFCd3LWRr5OksDTaJwEHRPS4oW","previousCounter":0,"rootKey":"PJWR4z11v6gtIZwiNrijOT853+2ewLRH5Poe7bjgSGE="},"indexInfo":{"baseKey":"Bd/kxT+0SUCySfH+dTPU53bAueKPcvkfbuMZyIgdXzp7","baseKeyType":2,"closed":-1,"used":1694502429832,"created":1694502429832,"remoteIdentityKey":"BZKaZ74IT6AsvX9qlaM9Vv4vhSDox9pUZMQIY0qmYRMr"},"_chains":{"BRAmfmTkrkunmX/4GKhFCd3LWRr5OksDTaJwEHRPS4oW":{"chainKey":{"counter":2,"key":"AvMtfRzovqwMYLVHh7t7kCbbik+e0wTdN6tODSxxpNs="},"chainType":2,"messageKeys":{"1":"0RTVvc6gWVAqkbrviHU0tc4nuIDj1aBOYWd5CXZjgs0="}},"BUe1Gx2XiCYj/PM4fl364ZKN8Ek9cPfPTRucm2/R95ZS":{"chainKey":{"counter":-1,"key":"qoKD5LmG886C2VU8k4mv4pYqGSrNxIzf/5RBi9sojkg="},"chainType":1,"messageKeys":{}}}}},"version":"v1"}