{"_sessions":{"BYNVxV9g4NqMDsFYwGdIocHeaOgPEcQ35kx5ySgWSYUZ":{"registrationId":40285815,"currentRatchet":{"ephemeralKeyPair":{"pubKey":"Bf0MhW340hl1Dv4umftS4rpZ+ro45h6s+pmNdW1D/VYu","privKey":"KAUXTbbyPacmsf65e186gaD4ILAK9ZfWxnekUtjd3Hs="},"lastRemoteEphemeralKey":"Bfvkf/eNmqz6q6HhAd4txtdWmAzra2Lbz6Q80TysWO4W","previousCounter":0,"rootKey":"M4awapq5E6ibxuGAzCILlpCQHfrJKMSnYczusF7LgRk="},"indexInfo":{"baseKey":"BYNVxV9g4NqMDsFYwGdIocHeaOgPEcQ35kx5ySgWSYUZ","baseKeyType":2,"closed":-1,"used":1694752186252,"created":1694752186252,"remoteIdentityKey":"BfoYmq+mX1H5KQJ+1DTnB+EhFD7bT9/mLSet5gdMDNEr"},"_chains":{"Bfvkf/eNmqz6q6HhAd4txtdWmAzra2Lbz6Q80TysWO4W":{"chainKey":{"counter":20,"key":"/0A6E0yCKR+GyVaWpzYdq+SbcL/PMTR7j8HQqWcGy3g="},"chainType":2,"messageKeys":{"0":"scxopYdAE0PZ9+aM55xoH6LU1gUfElIVE+8yp6KmMKg=","1":"gBXTfJo7mSSa2m7OL1np/0I85zgy6ruEvjMmvGQLnTk=","3":"+jjkbCPM1ADeHgNkwStDU969VJuDMCJdGUzUnyinOkU=","4":"Seg7BStRRh7mJxZVYt6cuc4ksXrzz6J6SLWXE3+z0T4=","5":"juXi69ddpEQ6STkDjvvebn4JP2QOmEp/3kc1kW61IvU=","6":"OeRIER8DEMaTLPTDcSmUgq+/uCgxLRfB99+7voV73yY=","7":"AymR2Y6m1XoVuA4Vr8a/CeXQKizPdwKrrUVdKy8XSbE=","8":"CvlVblROBvEhlRt4Dw+xGGGiykrTrgqoLOA6KX5V5GU=","9":"pJP+5qf4+WSNPh+O4bNk748PgkbELRcczo7U3b+l18Q=","10":"VJebAVBUObw3ad65fWNNLvRVGG0iTB7/vZ5U7eDhv4E=","11":"eSHlYs8n9RFEqT4kyaHpU63sdgXinwwifbI8MAxU/C8=","12":"dAvtHwBG7KlQPsVOVbWUgI6I8Sa7s93npQyG86KY6kM=","13":"ijOG0Npq6ZQWYNA1DHKzr45HPdCEHoxGY2wrn8r2V0Q=","14":"zDULEMyeW1/LFo/lby8Zf1eqDbHNYOLm23kAnHM7AEQ=","15":"KdzAJKa7+xwOwJ1SkjlbcRFTtLU0Y8/gpCyi+VLaPtU=","16":"od2bgCa/ERXXn8IKw41wa5+2VuaynWqvQ3X0zv58IOY=","18":"idI92yQwa0Cu8cSzDeMqvjvDX9g3J3xgGLjbYoWVrQY=","19":"PM1BjIa6RNaPHQl6BtnFmNR29qDbk3GztxGCMkftr88="}},"Bf0MhW340hl1Dv4umftS4rpZ+ro45h6s+pmNdW1D/VYu":{"chainKey":{"counter":-1,"key":"zvPwI9itaYFmuaWVuDJtOacqslJhLqlfeJK6OCbxCkc="},"chainType":1,"messageKeys":{}}}}},"version":"v1"}